SET SQL_MODE = "NO_AUTO_VALUE_ON_ZERO";
SET time_zone = "+00:00";

/*!40101 SET @OLD_CHARACTER_SET_CLIENT = @@CHARACTER_SET_CLIENT */;
/*!40101 SET @OLD_CHARACTER_SET_RESULTS = @@CHARACTER_SET_RESULTS */;
/*!40101 SET @OLD_COLLATION_CONNECTION = @@COLLATION_CONNECTION */;
/*!40101 SET NAMES utf8 */;


INSERT INTO `acl_groups` (`id`, `title`, `active`) VALUES
  (1, 'Administrators', 1),
  (2, 'Operators', 1),
  (3, 'Admin', 1),
  (4, 'Accounting', 1),
  (5, 'Finance', 1);

INSERT INTO `acl_permissions` (`id`, `perm_key`, `perm_name`, `perm_cat`, `seq`, `active`) VALUES
  (1, 'access_dashboard', 'Access Dashboard', 'Dashboard', 1, 1),
  (2, 'access_gloabal_settings', 'Access to Global Settings', 'Administrators', 1, 1),
  (3, 'access_users', 'Access to Users', 'Administrators', 3, 1),
  (4, 'access_roles', 'Access to Roles', 'Administrators', 6, 1),
  (5, 'access_event_log', 'Access to Event Log', 'Administrators', 9, 1);

INSERT INTO `acl_roles` (`id`, `role_name`, `seq`, `group_id`, `active`) VALUES
  (8, 'Super Admin', 0, 1, NULL),
  (9, 'Jr Admin', 0, 1, NULL);

INSERT INTO `acl_role_perms` (`id`, `value`, `role_id`, `perm_id`, `add_date`) VALUES
  (508, 1, 8, 1, NULL),
  (509, 0, 9, 1, NULL),
  (510, 1, 8, 2, NULL),
  (511, 0, 9, 2, NULL),
  (512, 1, 8, 3, NULL),
  (513, 0, 9, 3, NULL),
  (514, 1, 8, 4, NULL),
  (515, 0, 9, 4, NULL),
  (516, 1, 8, 5, NULL),
  (517, 0, 9, 5, NULL),
  (518, 1, 8, 6, NULL),
  (519, 0, 9, 6, NULL),
  (520, 1, 8, 7, NULL),
  (521, 0, 9, 7, NULL),
  (522, 1, 8, 8, NULL),
  (523, 0, 9, 8, NULL),
  (524, 1, 8, 9, NULL),
  (525, 0, 9, 9, NULL),
  (526, 1, 8, 10, NULL),
  (527, 0, 9, 10, NULL),
  (528, 1, 8, 11, NULL),
  (529, 0, 9, 11, NULL),
  (530, 1, 8, 12, NULL),
  (531, 0, 9, 12, NULL),
  (532, 1, 8, 13, NULL),
  (533, 0, 9, 13, NULL),
  (534, 1, 8, 14, NULL),
  (535, 0, 9, 14, NULL),
  (536, 1, 8, 15, NULL),
  (537, 0, 9, 15, NULL),
  (538, 1, 8, 16, NULL),
  (539, 0, 9, 16, NULL),
  (540, 1, 8, 17, '0000-00-00 00:00:00'),
  (541, 0, 9, 17, '0000-00-00 00:00:00'),
  (542, 1, 8, 18, NULL),
  (543, 0, 9, 18, NULL),
  (544, 1, 8, 19, NULL),
  (545, 0, 9, 19, NULL),
  (546, 1, 8, 20, NULL),
  (547, 0, 9, 20, NULL),
  (548, 1, 8, 34, NULL),
  (549, 0, 9, 34, NULL),
  (550, 1, 8, 35, NULL),
  (551, 0, 9, 35, NULL),
  (552, 1, 8, 36, '0000-00-00 00:00:00'),
  (553, 1, 9, 36, '0000-00-00 00:00:00'),
  (554, 1, 8, 37, '0000-00-00 00:00:00'),
  (555, 1, 9, 37, '0000-00-00 00:00:00'),
  (556, 1, 8, 38, '0000-00-00 00:00:00'),
  (557, 1, 9, 38, '0000-00-00 00:00:00'),
  (558, 1, 8, 39, '0000-00-00 00:00:00'),
  (559, 1, 9, 39, '0000-00-00 00:00:00'),
  (560, 1, 8, 40, '0000-00-00 00:00:00'),
  (561, 1, 9, 40, '0000-00-00 00:00:00'),
  (562, 1, 8, 41, '0000-00-00 00:00:00'),
  (563, 1, 9, 41, '0000-00-00 00:00:00'),
  (564, 1, 8, 42, '0000-00-00 00:00:00'),
  (565, 1, 9, 42, '0000-00-00 00:00:00'),
  (566, 1, 8, 43, '0000-00-00 00:00:00'),
  (567, 1, 9, 43, '0000-00-00 00:00:00'),
  (568, 1, 8, 44, '0000-00-00 00:00:00'),
  (569, 1, 9, 44, '0000-00-00 00:00:00'),
  (570, 1, 8, 45, NULL),
  (571, 0, 9, 45, NULL),
  (572, 1, 8, 46, NULL),
  (573, 0, 9, 46, NULL),
  (574, 1, 8, 47, NULL),
  (575, 0, 9, 47, NULL),
  (576, 1, 8, 48, '0000-00-00 00:00:00'),
  (577, 1, 9, 48, '0000-00-00 00:00:00'),
  (578, 1, 8, 49, '0000-00-00 00:00:00'),
  (579, 1, 9, 49, '0000-00-00 00:00:00'),
  (580, 1, 8, 50, NULL),
  (581, 0, 9, 50, NULL),
  (582, 1, 8, 52, NULL),
  (583, 0, 9, 52, NULL),
  (584, 1, 8, 53, NULL),
  (585, 0, 9, 53, NULL),
  (586, 1, 8, 54, NULL),
  (587, 0, 9, 54, NULL),
  (588, 1, 8, 55, NULL),
  (589, 0, 9, 55, NULL),
  (590, 1, 8, 56, NULL),
  (591, 0, 9, 56, NULL),
  (592, 1, 8, 57, NULL),
  (593, 0, 9, 57, NULL),
  (594, 1, 8, 59, NULL),
  (595, 0, 9, 59, NULL),
  (596, 1, 8, 60, '0000-00-00 00:00:00'),
  (597, 1, 9, 60, '0000-00-00 00:00:00'),
  (598, 1, 8, 72, NULL),
  (599, 0, 9, 72, NULL),
  (600, 1, 8, 73, NULL),
  (601, 0, 9, 73, NULL),
  (602, 1, 8, 74, NULL),
  (603, 0, 9, 74, NULL),
  (604, 1, 8, 75, NULL),
  (605, 0, 9, 75, NULL),
  (606, 1, 8, 77, NULL),
  (607, 0, 9, 77, NULL),
  (608, 1, 8, 78, NULL),
  (609, 0, 9, 78, NULL),
  (610, 1, 8, 79, NULL),
  (611, 0, 9, 79, NULL),
  (612, 1, 8, 80, NULL),
  (613, 0, 9, 80, NULL),
  (614, 1, 8, 81, NULL),
  (615, 0, 9, 81, NULL),
  (616, 1, 8, 82, NULL),
  (617, 0, 9, 82, NULL),
  (618, 1, 8, 83, NULL),
  (619, 0, 9, 83, NULL),
  (620, 1, 8, 84, NULL),
  (621, 0, 9, 84, NULL),
  (622, 1, 8, 85, NULL),
  (623, 0, 9, 85, NULL),
  (624, 1, 8, 87, NULL),
  (625, 0, 9, 87, NULL),
  (626, 1, 8, 88, NULL),
  (627, 0, 9, 88, NULL),
  (628, 1, 8, 89, NULL),
  (629, 0, 9, 89, NULL),
  (630, 1, 8, 90, NULL),
  (631, 0, 9, 90, NULL),
  (632, 1, 8, 91, NULL),
  (633, 0, 9, 91, NULL),
  (634, 1, 8, 92, NULL),
  (635, 0, 9, 92, NULL),
  (636, 1, 8, 93, NULL),
  (637, 0, 9, 93, NULL),
  (638, 1, 8, 94, NULL),
  (639, 0, 9, 94, NULL),
  (640, 1, 8, 95, NULL),
  (641, 0, 9, 95, NULL),
  (642, 1, 8, 96, NULL),
  (643, 0, 9, 96, NULL),
  (644, 1, 8, 97, NULL),
  (645, 0, 9, 97, NULL),
  (646, 1, 8, 98, NULL),
  (647, 0, 9, 98, NULL),
  (648, 1, 8, 99, NULL),
  (649, 0, 9, 99, NULL),
  (650, 1, 8, 100, NULL),
  (651, 0, 9, 100, NULL),
  (652, 1, 8, 101, NULL),
  (653, 0, 9, 101, NULL),
  (654, 1, 8, 102, NULL),
  (655, 0, 9, 102, NULL),
  (656, 1, 8, 103, NULL),
  (657, 0, 9, 103, NULL),
  (658, 1, 8, 105, NULL),
  (659, 0, 9, 105, NULL),
  (660, 1, 8, 106, NULL),
  (661, 0, 9, 106, NULL),
  (662, 1, 8, 107, NULL),
  (663, 0, 9, 107, NULL),
  (664, 1, 8, 108, '0000-00-00 00:00:00'),
  (665, 1, 9, 108, '0000-00-00 00:00:00'),
  (666, 1, 8, 109, '0000-00-00 00:00:00'),
  (667, 1, 9, 109, '0000-00-00 00:00:00'),
  (668, 1, 8, 110, '0000-00-00 00:00:00'),
  (669, 1, 9, 110, '0000-00-00 00:00:00'),
  (670, 1, 8, 111, '0000-00-00 00:00:00'),
  (671, 1, 9, 111, '0000-00-00 00:00:00'),
  (672, 1, 8, 112, '0000-00-00 00:00:00'),
  (673, 1, 9, 112, '0000-00-00 00:00:00'),
  (674, 1, 8, 113, NULL),
  (675, 0, 9, 113, NULL),
  (676, 1, 8, 114, NULL),
  (677, 0, 9, 114, NULL),
  (678, 1, 8, 115, '0000-00-00 00:00:00'),
  (679, 1, 9, 115, '0000-00-00 00:00:00'),
  (680, 1, 8, 116, NULL),
  (681, 0, 9, 116, NULL),
  (682, 1, 10, 1, '0000-00-00 00:00:00'),
  (683, 1, 10, 2, '0000-00-00 00:00:00'),
  (684, 1, 10, 3, '0000-00-00 00:00:00'),
  (685, 1, 10, 4, NULL),
  (686, 1, 10, 5, NULL),
  (687, 1, 10, 6, '0000-00-00 00:00:00'),
  (688, 1, 10, 7, NULL),
  (689, 1, 10, 8, NULL),
  (690, 1, 10, 9, '0000-00-00 00:00:00'),
  (691, 1, 10, 10, NULL),
  (692, 1, 10, 18, '0000-00-00 00:00:00'),
  (693, 1, 10, 19, '0000-00-00 00:00:00'),
  (694, 1, 10, 20, '0000-00-00 00:00:00'),
  (695, 1, 10, 46, '0000-00-00 00:00:00'),
  (696, 1, 10, 47, '0000-00-00 00:00:00'),
  (697, 1, 10, 50, '0000-00-00 00:00:00'),
  (698, 1, 10, 72, '0000-00-00 00:00:00'),
  (699, 1, 10, 73, '0000-00-00 00:00:00'),
  (700, 1, 10, 74, '0000-00-00 00:00:00'),
  (701, 1, 10, 75, '0000-00-00 00:00:00'),
  (702, 1, 10, 77, '0000-00-00 00:00:00'),
  (703, 1, 10, 78, '0000-00-00 00:00:00'),
  (704, 1, 10, 79, '0000-00-00 00:00:00'),
  (705, 1, 10, 89, '0000-00-00 00:00:00'),
  (706, 1, 10, 90, '0000-00-00 00:00:00'),
  (707, 1, 10, 91, '0000-00-00 00:00:00'),
  (708, 1, 10, 93, '0000-00-00 00:00:00'),
  (709, 1, 10, 94, '0000-00-00 00:00:00'),
  (710, 1, 10, 97, '0000-00-00 00:00:00'),
  (711, 1, 10, 98, '0000-00-00 00:00:00'),
  (712, 1, 10, 99, '0000-00-00 00:00:00'),
  (713, 1, 10, 100, '0000-00-00 00:00:00'),
  (714, 1, 10, 102, '0000-00-00 00:00:00'),
  (715, 1, 10, 114, '0000-00-00 00:00:00'),
  (716, 1, 10, 34, '0000-00-00 00:00:00'),
  (717, 1, 10, 35, '0000-00-00 00:00:00'),
  (718, 1, 10, 113, '0000-00-00 00:00:00'),
  (719, 1, 10, 105, '0000-00-00 00:00:00'),
  (720, 1, 10, 106, '0000-00-00 00:00:00'),
  (721, 1, 10, 107, '0000-00-00 00:00:00'),
  (722, 1, 10, 14, '0000-00-00 00:00:00'),
  (723, 1, 10, 15, '0000-00-00 00:00:00'),
  (724, 1, 10, 16, '0000-00-00 00:00:00'),
  (725, 1, 10, 17, '0000-00-00 00:00:00'),
  (726, 1, 10, 45, '0000-00-00 00:00:00'),
  (727, 1, 10, 59, '0000-00-00 00:00:00'),
  (728, 1, 10, 80, '0000-00-00 00:00:00'),
  (729, 1, 10, 81, '0000-00-00 00:00:00'),
  (730, 1, 10, 82, '0000-00-00 00:00:00'),
  (731, 1, 10, 83, '0000-00-00 00:00:00'),
  (732, 1, 10, 84, '0000-00-00 00:00:00'),
  (733, 1, 10, 85, '0000-00-00 00:00:00'),
  (734, 1, 10, 87, '0000-00-00 00:00:00'),
  (735, 1, 10, 88, '0000-00-00 00:00:00'),
  (736, 1, 10, 95, '0000-00-00 00:00:00'),
  (737, 1, 10, 96, '0000-00-00 00:00:00'),
  (738, 1, 10, 103, '0000-00-00 00:00:00'),
  (739, 1, 10, 116, '0000-00-00 00:00:00'),
  (740, 1, 10, 54, '0000-00-00 00:00:00'),
  (741, 1, 10, 57, '0000-00-00 00:00:00'),
  (742, 1, 10, 101, '0000-00-00 00:00:00'),
  (743, 1, 10, 11, '0000-00-00 00:00:00'),
  (744, 1, 10, 12, '0000-00-00 00:00:00'),
  (745, 1, 11, 4, NULL),
  (746, 1, 11, 5, NULL),
  (747, 1, 11, 13, NULL),
  (748, 1, 11, 14, NULL),
  (749, 1, 11, 15, NULL),
  (750, 1, 11, 16, NULL),
  (751, 1, 11, 17, NULL),
  (752, 1, 11, 45, NULL),
  (753, 1, 11, 59, NULL),
  (754, 1, 11, 80, NULL),
  (755, 1, 11, 81, NULL),
  (756, 1, 11, 82, NULL),
  (757, 1, 11, 83, NULL),
  (758, 1, 11, 87, NULL),
  (759, 1, 11, 88, NULL),
  (760, 1, 11, 95, NULL),
  (761, 1, 11, 96, NULL),
  (762, 1, 11, 103, NULL),
  (763, 1, 11, 116, NULL),
  (764, 1, 11, 52, NULL),
  (765, 1, 12, 18, NULL),
  (766, 1, 12, 19, NULL),
  (767, 1, 12, 20, NULL),
  (768, 1, 12, 46, NULL),
  (769, 1, 12, 47, NULL),
  (770, 1, 12, 50, NULL),
  (771, 1, 12, 72, NULL),
  (772, 1, 12, 73, NULL),
  (773, 1, 12, 74, NULL),
  (774, 1, 12, 75, NULL),
  (775, 1, 12, 77, NULL),
  (776, 1, 12, 78, NULL),
  (777, 1, 12, 79, NULL),
  (778, 1, 12, 89, NULL),
  (779, 1, 12, 90, NULL),
  (780, 1, 12, 91, NULL),
  (781, 1, 12, 92, NULL),
  (782, 1, 12, 93, NULL),
  (783, 1, 12, 94, NULL),
  (784, 1, 12, 97, NULL),
  (785, 1, 12, 98, NULL),
  (786, 1, 12, 99, NULL),
  (787, 1, 12, 100, NULL),
  (788, 1, 12, 102, NULL),
  (789, 1, 12, 114, NULL),
  (790, 1, 13, 6, '0000-00-00 00:00:00'),
  (791, 1, 13, 9, '0000-00-00 00:00:00'),
  (792, 1, 15, 18, NULL),
  (793, 1, 16, 18, NULL),
  (794, 0, 15, 19, NULL),
  (795, 1, 16, 19, NULL),
  (796, 0, 15, 20, NULL),
  (797, 1, 16, 20, NULL),
  (798, 1, 15, 46, NULL),
  (799, 1, 16, 46, NULL),
  (800, 1, 15, 47, NULL),
  (801, 1, 16, 47, NULL),
  (802, 1, 15, 50, NULL),
  (803, 1, 16, 50, NULL),
  (804, 1, 15, 72, NULL),
  (805, 1, 16, 72, NULL),
  (806, 1, 15, 73, NULL),
  (807, 1, 16, 73, NULL),
  (808, 0, 15, 74, NULL),
  (809, 1, 16, 74, NULL),
  (810, 0, 15, 75, NULL),
  (811, 1, 16, 75, NULL),
  (812, 0, 15, 77, NULL),
  (813, 1, 16, 77, NULL),
  (814, 0, 15, 78, NULL),
  (815, 1, 16, 78, NULL),
  (816, 1, 15, 79, NULL),
  (817, 1, 16, 79, NULL),
  (818, 0, 15, 89, NULL),
  (819, 1, 16, 89, NULL),
  (820, 1, 15, 92, NULL),
  (821, 0, 16, 92, NULL),
  (822, 1, 15, 93, NULL),
  (823, 1, 16, 93, NULL),
  (824, 1, 15, 94, NULL),
  (825, 1, 16, 94, NULL),
  (826, 1, 15, 97, NULL),
  (827, 1, 16, 97, NULL),
  (828, 1, 15, 98, NULL),
  (829, 1, 16, 98, NULL),
  (830, 1, 15, 99, NULL),
  (831, 1, 16, 99, NULL),
  (832, 1, 15, 100, NULL),
  (833, 1, 16, 100, NULL),
  (834, 1, 15, 102, NULL),
  (835, 1, 16, 102, NULL),
  (836, 1, 15, 114, NULL),
  (837, 1, 16, 114, NULL),
  (838, 1, 15, 105, NULL),
  (839, 1, 16, 105, NULL),
  (840, 1, 15, 13, NULL),
  (841, 1, 16, 13, NULL),
  (842, 1, 15, 14, NULL),
  (843, 1, 16, 14, NULL),
  (844, 1, 15, 15, NULL),
  (845, 1, 16, 15, NULL),
  (846, 1, 15, 16, NULL),
  (847, 1, 16, 16, NULL),
  (848, 1, 15, 17, NULL),
  (849, 1, 16, 17, NULL),
  (850, 1, 15, 45, NULL),
  (851, 1, 16, 45, NULL),
  (852, 0, 15, 59, NULL),
  (853, 1, 16, 59, NULL),
  (854, 1, 15, 80, NULL),
  (855, 1, 16, 80, NULL),
  (856, 1, 15, 81, NULL),
  (857, 1, 16, 81, NULL),
  (858, 1, 15, 82, NULL),
  (859, 1, 16, 82, NULL),
  (860, 1, 15, 84, NULL),
  (861, 1, 16, 84, NULL),
  (862, 1, 15, 85, NULL),
  (863, 1, 16, 85, NULL),
  (864, 1, 15, 87, NULL),
  (865, 1, 16, 87, NULL),
  (866, 1, 15, 88, NULL),
  (867, 1, 16, 88, NULL),
  (868, 0, 15, 95, NULL),
  (869, 1, 16, 95, NULL),
  (870, 1, 15, 96, NULL),
  (871, 1, 16, 96, NULL),
  (872, 1, 15, 103, NULL),
  (873, 1, 16, 103, NULL),
  (874, 1, 15, 116, NULL),
  (875, 1, 16, 116, NULL),
  (876, 1, 15, 57, NULL),
  (877, 1, 16, 57, NULL),
  (878, 1, 15, 101, NULL),
  (879, 1, 16, 101, NULL),
  (880, 1, 15, 53, NULL),
  (881, 1, 16, 53, NULL),
  (882, 0, 13, 1, NULL),
  (883, 1, 14, 1, NULL),
  (884, 0, 13, 2, NULL),
  (885, 1, 14, 2, NULL),
  (886, 0, 13, 3, NULL),
  (887, 1, 14, 3, NULL),
  (888, 1, 14, 6, NULL),
  (889, 1, 14, 9, NULL),
  (890, 0, 13, 18, NULL),
  (891, 1, 14, 18, NULL),
  (892, 0, 13, 19, NULL),
  (893, 1, 14, 19, NULL),
  (894, 0, 13, 20, NULL),
  (895, 1, 14, 20, NULL),
  (896, 0, 13, 46, NULL),
  (897, 1, 14, 46, NULL),
  (898, 0, 13, 47, NULL),
  (899, 1, 14, 47, NULL),
  (900, 0, 13, 50, NULL),
  (901, 1, 14, 50, NULL),
  (902, 0, 13, 72, NULL),
  (903, 1, 14, 72, NULL),
  (904, 0, 13, 73, NULL),
  (905, 1, 14, 73, NULL),
  (906, 0, 13, 74, NULL),
  (907, 1, 14, 74, NULL),
  (908, 0, 13, 75, NULL),
  (909, 1, 14, 75, NULL),
  (910, 0, 13, 77, NULL),
  (911, 1, 14, 77, NULL),
  (912, 0, 13, 78, NULL),
  (913, 1, 14, 78, NULL),
  (914, 0, 13, 79, NULL),
  (915, 1, 14, 79, NULL),
  (916, 0, 13, 89, NULL),
  (917, 1, 14, 89, NULL),
  (918, 0, 13, 90, NULL),
  (919, 1, 14, 90, NULL),
  (920, 0, 13, 91, NULL),
  (921, 1, 14, 91, NULL),
  (922, 0, 13, 93, NULL),
  (923, 1, 14, 93, NULL),
  (924, 0, 13, 94, NULL),
  (925, 1, 14, 94, NULL),
  (926, 0, 13, 97, NULL),
  (927, 1, 14, 97, NULL),
  (928, 0, 13, 98, NULL),
  (929, 1, 14, 98, NULL),
  (930, 0, 13, 99, NULL),
  (931, 1, 14, 99, NULL),
  (932, 0, 13, 100, NULL),
  (933, 1, 14, 100, NULL),
  (934, 0, 13, 102, NULL),
  (935, 1, 14, 102, NULL),
  (936, 0, 13, 114, NULL),
  (937, 1, 14, 114, NULL),
  (938, 0, 13, 34, NULL),
  (939, 1, 14, 34, NULL),
  (940, 0, 13, 35, NULL),
  (941, 1, 14, 35, NULL),
  (942, 0, 13, 113, NULL),
  (943, 1, 14, 113, NULL),
  (944, 0, 13, 105, NULL),
  (945, 1, 14, 105, NULL),
  (946, 0, 13, 106, NULL),
  (947, 1, 14, 106, NULL),
  (948, 0, 13, 107, NULL),
  (949, 1, 14, 107, NULL),
  (950, 0, 13, 14, NULL),
  (951, 1, 14, 14, NULL),
  (952, 0, 13, 15, NULL),
  (953, 1, 14, 15, NULL),
  (954, 0, 13, 16, NULL),
  (955, 1, 14, 16, NULL),
  (956, 0, 13, 17, NULL),
  (957, 1, 14, 17, NULL),
  (958, 0, 13, 45, NULL),
  (959, 1, 14, 45, NULL),
  (960, 0, 13, 59, NULL),
  (961, 1, 14, 59, NULL),
  (962, 0, 13, 80, NULL),
  (963, 1, 14, 80, NULL),
  (964, 0, 13, 81, NULL),
  (965, 1, 14, 81, NULL),
  (966, 0, 13, 82, NULL),
  (967, 1, 14, 82, NULL),
  (968, 0, 13, 83, NULL),
  (969, 1, 14, 83, NULL),
  (970, 0, 13, 84, NULL),
  (971, 1, 14, 84, NULL),
  (972, 0, 13, 85, NULL),
  (973, 1, 14, 85, NULL),
  (974, 0, 13, 87, NULL),
  (975, 1, 14, 87, NULL),
  (976, 0, 13, 88, NULL),
  (977, 1, 14, 88, NULL),
  (978, 0, 13, 95, NULL),
  (979, 1, 14, 95, NULL),
  (980, 0, 13, 96, NULL),
  (981, 1, 14, 96, NULL),
  (982, 0, 13, 103, NULL),
  (983, 1, 14, 103, NULL),
  (984, 0, 13, 116, NULL),
  (985, 1, 14, 116, NULL),
  (986, 0, 13, 54, NULL),
  (987, 1, 14, 54, NULL),
  (988, 0, 13, 57, NULL),
  (989, 1, 14, 57, NULL),
  (990, 0, 13, 101, NULL),
  (991, 1, 14, 101, NULL),
  (992, 0, 13, 11, NULL),
  (993, 1, 14, 11, NULL),
  (994, 0, 13, 12, NULL),
  (995, 1, 14, 12, NULL);

INSERT INTO `combo_lists` (`id`, `title`, `active`) VALUES
  (1, 'Boolean', 1),
  (2, 'Chart Storage Locations', 1),
  (3, 'Country', 1),
  (4, 'Drug Forms', 1),
  (5, 'Drug Units', 1),
  (6, 'Drug Routes', 1),
  (7, 'Drug Intervals', 1),
  (8, 'Exams/Tests', 1),
  (9, 'Fee Sheet', 1),
  (10, 'Language', 1),
  (12, 'Marital Status', 1),
  (13, 'Price Level', 1),
  (14, 'Race', 1),
  (15, 'Referral Source', 1),
  (16, 'Risk Factors', 1),
  (17, 'Risk Level', 1),
  (18, 'Service Category', 1),
  (19, 'Sex w/ Both', 1),
  (20, 'State', 1),
  (21, 'Tax Rate', 1),
  (22, 'Titles', 1),
  (23, 'Yes/No', 1),
  (24, 'Adjustment Reasons', 1),
  (25, 'Relationship (insurance)', 1),
  (26, 'Occurrence', 1),
  (27, 'Outcome', 1),
  (28, 'Patient Note Types', 1),
  (29, 'Immunizations', 1),
  (30, 'Appointment Statuses', 1),
  (31, 'Warehouses', 1),
  (32, 'Address Book Types', 1),
  (33, 'Procedure Types', 1),
  (34, 'Procedure Body Sites', 1),
  (35, 'Procedure Specimen Types', 1),
  (36, 'Procedure Routes', 1),
  (37, 'Procedure Lateralities', 1),
  (38, 'Procedure Units', 1),
  (39, 'Order Priorities', 1),
  (40, 'Order Statuses', 1),
  (41, 'Procedure Report Statuses', 1),
  (42, 'Procedure Result Abnormal', 1),
  (43, 'Procedure Result Statuses', 1),
  (44, 'Procedure Boolean Results', 1),
  (45, 'Message Status', 1),
  (46, 'Invoice Reference Number Pools', 1),
  (47, 'Eligibility', 1),
  (48, 'Transactions', 1),
  (49, 'Payment Adjustment Code', 1),
  (50, 'Payment Ins', 1),
  (51, 'Payment Method', 1),
  (52, 'Payment Sort By', 1),
  (53, 'Payment Status', 1),
  (54, 'Payment Type', 1),
  (55, 'Date Master Criteria', 1),
  (56, 'Codes Types', 1),
  (57, 'Disclosure Type', 1),
  (58, 'Smoking Status', 1),
  (59, 'Ethnicity', 1),
  (61, 'Payment Date', 1),
  (62, 'Temp Location', 1),
  (74, 'Outcome2', 1),
  (75, 'Medical Issues', 1),
  (76, 'Surgery', 1),
  (77, 'Time', 1),
  (78, 'Preventive Care Types', 1),
  (79, 'Location Allergies', 1),
  (80, 'Skin Allergies', 1),
  (81, 'Local Allergies', 1),
  (82, 'Abdominal Allergies', 1),
  (83, 'Systemic / anaphylactic Allergies', 1),
  (84, 'Severity Allergies', 1),
  (85, 'Allergies types', 1),
  (86, 'Medication Directions (SIG)', 1),
  (87, 'Prescription when to take', 1),
  (88, 'Prescription How to', 1),
  (89, 'Prescriptions Types', 1),
  (90, 'Follow Up', 1),
  (91, 'Visit Categories', 1),
  (93, 'Yes/No/Na', 1),
  (94, 'Encounter Priorities', 1),
  (95, 'Sex', 1),
  (96, 'Insurance Type', 1),
  (97, 'Specimen Action Code', 1),
  (98, 'Result Status', 1),
  (99, 'Observation Result Handling', 0),
  (100, 'Abnormal Flags', 1),
  (101, 'Social Status Types', 1),
  (102, 'Document Types (Categories)', 1),
  (103, 'Yes/No (Y/N)', 1),
  (104, 'Citizenship', 1),
  (105, 'Alcohol Intake', 1),
  (106, 'Tobacoo Use', 1),
  (107, 'Physical Activity Behavior', 1),
  (108, 'Drug Abuse', 1),
  (109, 'Family History', 1),
  (110, 'Vitals (culumns)', 1),
  (111, 'Operators', 1),
  (112, 'Condition Status (Active Problems)', 1),
  (113, 'Status', 1),
  (114, 'Food Allergies', 1),
  (115, 'Environmental Allergies', 1),
  (116, 'Mood Types', 1),
  (117, 'Functional Status Types', 1),
  (118, 'Functional Status Codes', 1),
  (119, 'Administration Sites', 1),
  (120, 'Health Status', 1),
  (121, 'Doctors Types', 1),
  (122, 'Color Status', 1),
  (123, 'Anesthetic', 1),
  (124, 'Anesthetic Types', 1),
  (125, 'Drug DEA Schedule', 1),
  (126, 'Patient Class', 1),
  (127, 'Priority', 1),
  (128, 'Advance Directive Status', 1),
  (129, 'Advance Directives', 1);

INSERT INTO `combo_lists_options` (`id`, `list_id`, `option_value`, `option_name`, `code`, `code_type`, `seq`, `notes`, `active`) VALUES
  (1, 23, '2', 'No', NULL, NULL, 1, '', 1),
  (2, 23, '1', 'Yes', NULL, NULL, 2, '', 1),
  (3, 22, 'Mr.', 'Mr.', NULL, NULL, 1, '', 1),
  (4, 22, 'Mrs.', 'Mrs.', NULL, NULL, 2, '', 1),
  (5, 22, 'Ms.', 'Ms.', NULL, NULL, 3, '', 1),
  (6, 22, 'Dr.', 'Dr.', NULL, NULL, 4, '', 1),
  (7, 19, 'F', 'Female', NULL, NULL, 20, '', 1),
  (8, 19, 'M', 'Male', NULL, NULL, 10, '', 1),
  (16, 10, 'zh', 'Chinese', 'zh', 'ISO 639-1', 100, '', 1),
  (19, 10, 'en', 'English', 'en', 'ISO 639-1', 20, '', 1),
  (21, 10, 'fr', 'French', 'fr', 'ISO 639-1', 30, '', 1),
  (22, 10, 'de', 'German', 'de', 'ISO 639-1', 40, '', 1),
  (23, 10, 'el', 'Greek', 'el', 'ISO 639-1', 50, '', 1),
  (25, 10, 'it', 'Italian', 'it', 'ISO 639-1', 60, '', 1),
  (26, 10, 'ja', 'Japanese', 'ja', 'ISO 639-1', 70, '', 1),
  (31, 10, 'other', 'Other', '', '', 110, '', 1),
  (32, 10, 'pt', 'Portuguese', 'pt', 'ISO 639-1', 80, '', 1),
  (34, 10, 'ru', 'Russian', 'ru', 'ISO 639-1', 90, '', 1),
  (35, 10, 'es', 'Spanish', 'es', 'ISO 639-1', 10, '', 1),
  (84, 13, 'standard', 'Standard', NULL, NULL, 1, '', 1),
  (85, 17, 'low', 'Low', NULL, NULL, 1, '', 1),
  (86, 17, 'medium', 'Medium', NULL, NULL, 2, '', 1),
  (87, 17, 'high', 'High', NULL, NULL, 3, '', 1),
  (88, 1, '0', 'No', NULL, NULL, 20, '', 1),
  (89, 1, '1', 'Yes', NULL, NULL, 10, '', 1),
  (90, 3, 'USA', 'USA', NULL, NULL, 1, '', 1),
  (91, 20, 'AL', 'Alabama', NULL, NULL, 10, '', 1),
  (92, 20, 'AK', 'Alaska', NULL, NULL, 20, '', 1),
  (93, 20, 'AZ', 'Arizona', NULL, NULL, 30, '', 1),
  (94, 20, 'AR', 'Arkansas', NULL, NULL, 40, '', 1),
  (95, 20, 'CA', 'California', NULL, NULL, 50, '', 1),
  (96, 20, 'CO', 'Colorado', NULL, NULL, 60, '', 1),
  (97, 20, 'CT', 'Connecticut', NULL, NULL, 70, '', 1),
  (98, 20, 'DE', 'Delaware', NULL, NULL, 80, '', 1),
  (99, 20, 'DC', 'District of Columbia', NULL, NULL, 90, '', 1),
  (100, 20, 'FL', 'Florida', NULL, NULL, 100, '', 1),
  (101, 20, 'GA', 'Georgia', NULL, NULL, 110, '', 1),
  (102, 20, 'HI', 'Hawaii', NULL, NULL, 120, '', 1),
  (103, 20, 'ID', 'Idaho', NULL, NULL, 130, '', 1),
  (104, 20, 'IL', 'Illinois', NULL, NULL, 140, '', 1),
  (105, 20, 'IN', 'Indiana', NULL, NULL, 150, '', 1),
  (106, 20, 'IA', 'Iowa', NULL, NULL, 160, '', 1),
  (107, 20, 'KS', 'Kansas', NULL, NULL, 170, '', 1),
  (107, 413460004, 'Aerobic exercise five times a week (finding)\r107', '413461000', 'Aerobic exercis', '160637002', 0, '160639004', 0),
  (108, 20, 'KY', 'Kentucky', NULL, NULL, 180, '', 1),
  (108, 191819002, 'Continuous opioid dependence (disorder)', '191819002', 'SNOMED', '0', 1, '191820008', 0),
  (109, 20, 'LA', 'Louisiana', NULL, NULL, 190, '', 1),
  (110, 20, 'ME', 'Maine', NULL, NULL, 200, '', 1),
  (111, 20, 'MD', 'Maryland', NULL, NULL, 210, '', 1),
  (112, 20, 'MA', 'Massachusetts', NULL, NULL, 220, '', 1),
  (113, 20, 'MI', 'Michigan', NULL, NULL, 230, '', 1),
  (114, 20, 'MN', 'Minnesota', NULL, NULL, 240, '', 1),
  (115, 20, 'MS', 'Mississippi', NULL, NULL, 250, '', 1),
  (116, 20, 'MO', 'Missouri', NULL, NULL, 260, '', 1),
  (117, 20, 'MT', 'Montana', NULL, NULL, 270, '', 1),
  (118, 20, 'NE', 'Nebraska', NULL, NULL, 280, '', 1),
  (119, 20, 'NV', 'Nevada', NULL, NULL, 290, '', 1),
  (120, 20, 'NH', 'New Hampshire', NULL, NULL, 300, '', 1),
  (121, 20, 'NJ', 'New Jersey', NULL, NULL, 310, '', 1),
  (122, 20, 'NM', 'New Mexico', NULL, NULL, 320, '', 1),
  (123, 20, 'NY', 'New York', NULL, NULL, 330, '', 1),
  (124, 20, 'NC', 'North Carolina', NULL, NULL, 340, '', 1),
  (125, 20, 'ND', 'North Dakota', NULL, NULL, 350, '', 1),
  (126, 20, 'OH', 'Ohio', NULL, NULL, 360, '', 1),
  (127, 20, 'OK', 'Oklahoma', NULL, NULL, 370, '', 1),
  (128, 20, 'OR', 'Oregon', NULL, NULL, 380, '', 1),
  (129, 20, 'PA', 'Pennsylvania', NULL, NULL, 390, '', 1),
  (130, 20, 'RI', 'Rhode Island', NULL, NULL, 400, '', 1),
  (131, 20, 'SC', 'South Carolina', NULL, NULL, 410, '', 1),
  (132, 20, 'SD', 'South Dakota', NULL, NULL, 420, '', 1),
  (133, 20, 'TN', 'Tennessee', NULL, NULL, 430, '', 1),
  (134, 20, 'TX', 'Texas', NULL, NULL, 440, '', 1),
  (135, 20, 'UT', 'Utah', NULL, NULL, 450, '', 1),
  (136, 20, 'VT', 'Vermont', NULL, NULL, 460, '', 1),
  (137, 20, 'VA', 'Virginia', NULL, NULL, 470, '', 1),
  (138, 20, 'WA', 'Washington', NULL, NULL, 480, '', 1),
  (139, 20, 'WV', 'West Virginia', NULL, NULL, 490, '', 1),
  (140, 20, 'WI', 'Wisconsin', NULL, NULL, 500, '', 1),
  (141, 20, 'WY', 'Wyoming', NULL, NULL, 510, '', 1),
  (142, 15, 'Patient', 'Patient', NULL, NULL, 1, '', 1),
  (143, 15, 'Employee', 'Employee', NULL, NULL, 2, '', 1),
  (144, 15, 'Walk-In', 'Walk-In', NULL, NULL, 3, '', 1),
  (145, 15, 'Newspaper', 'Newspaper', NULL, NULL, 4, '', 1),
  (146, 15, 'Radio', 'Radio', NULL, NULL, 5, '', 1),
  (147, 15, 'T.V.', 'T.V.', NULL, NULL, 6, '', 1),
  (148, 15, 'Direct Mail', 'Direct Mail', NULL, NULL, 7, '', 1),
  (149, 15, 'Coupon', 'Coupon', NULL, NULL, 8, '', 1),
  (150, 15, 'Referral Card', 'Referral Card', NULL, NULL, 9, '', 1),
  (151, 15, 'Other', 'Other', NULL, NULL, 10, '', 1),
  (152, 16, 'vv', 'Varicose Veins', NULL, NULL, 1, '', 1),
  (153, 16, 'ht', 'Hypertension', NULL, NULL, 2, '', 1),
  (154, 16, 'db', 'Diabetes', NULL, NULL, 3, '', 1),
  (155, 16, 'sc', 'Sickle Cell', NULL, NULL, 4, '', 1),
  (156, 16, 'fib', 'Fibroids', NULL, NULL, 5, '', 1),
  (157, 16, 'pid', 'PID (Pelvic Inflammatory Disease)', NULL, NULL, 6, '', 1),
  (158, 16, 'mig', 'Severe Migraine', NULL, NULL, 7, '', 1),
  (159, 16, 'hd', 'Heart Disease', NULL, NULL, 8, '', 1),
  (160, 16, 'str', 'Thrombosis/Stroke', NULL, NULL, 9, '', 1),
  (161, 16, 'hep', 'Hepatitis', NULL, NULL, 10, '', 1),
  (162, 16, 'gb', 'Gall Bladder Condition', NULL, NULL, 11, '', 1),
  (163, 16, 'br', 'Breast Disease', NULL, NULL, 12, '', 1),
  (164, 16, 'dpr', 'Depression', NULL, NULL, 13, '', 1),
  (165, 16, 'all', 'Allergies', NULL, NULL, 14, '', 1),
  (166, 16, 'inf', 'Infertility', NULL, NULL, 15, '', 1),
  (167, 16, 'ast', 'Asthma', NULL, NULL, 16, '', 1),
  (168, 16, 'ep', 'Epilepsy', NULL, NULL, 17, '', 1),
  (169, 16, 'cl', 'Contact Lenses', NULL, NULL, 18, '', 1),
  (170, 16, 'coc', 'Contraceptive Complication (specify)', NULL, NULL, 19, '', 1),
  (171, 16, 'oth', 'Other (specify)', NULL, NULL, 20, '', 1),
  (172, 8, 'brs', 'Breast Exam', NULL, NULL, 1, '', 1),
  (173, 8, 'cec', 'Cardiac Echo', NULL, NULL, 2, '', 1),
  (174, 8, 'ecg', 'ECG', NULL, NULL, 3, '', 1),
  (175, 8, 'gyn', 'Gynecological Exam', NULL, NULL, 4, '', 1),
  (176, 8, 'mam', 'Mammogram', NULL, NULL, 5, '', 1),
  (177, 8, 'phy', 'Physical Exam', NULL, NULL, 6, '', 1),
  (178, 8, 'pro', 'Prostate Exam', NULL, NULL, 7, '', 1),
  (179, 8, 'rec', 'Rectal Exam', NULL, NULL, 8, '', 1),
  (180, 8, 'sic', 'Sigmoid/Colonoscopy', NULL, NULL, 9, '', 1),
  (181, 8, 'ret', 'Retinal Exam', NULL, NULL, 10, '', 1),
  (182, 8, 'flu', 'Flu Vaccination', NULL, NULL, 11, '', 1),
  (183, 8, 'pne', 'Pneumonia Vaccination', NULL, NULL, 12, '', 1),
  (184, 8, 'ldl', 'LDL', NULL, NULL, 13, '', 1),
  (185, 8, 'hem', 'Hemoglobin', NULL, NULL, 14, '', 1),
  (186, 8, 'psa', 'PSA', NULL, NULL, 15, '', 1),
  (187, 4, '0', '', NULL, NULL, 0, '', 1),
  (188, 4, '1', 'suspension', NULL, NULL, 1, '', 1),
  (189, 4, '2', 'tablet', NULL, NULL, 2, '', 1),
  (190, 4, '3', 'capsule', NULL, NULL, 3, '', 1),
  (191, 4, '4', 'solution', NULL, NULL, 4, '', 1),
  (192, 4, '5', 'tsp', NULL, NULL, 5, '', 1),
  (193, 4, '6', 'ml', NULL, NULL, 6, '', 1),
  (194, 4, '7', 'units', NULL, NULL, 7, '', 1),
  (195, 4, '8', 'inhalations', NULL, NULL, 8, '', 1),
  (196, 4, '9', 'gtts(drops)', NULL, NULL, 9, '', 1),
  (197, 4, '10', 'cream', NULL, NULL, 10, '', 1),
  (198, 4, '11', 'ointment', NULL, NULL, 11, '', 1),
  (199, 5, '0', '', NULL, NULL, 0, '', 1),
  (200, 5, '1', 'mg', NULL, NULL, 1, '', 1),
  (201, 5, '2', 'mg/1cc', NULL, NULL, 2, '', 1),
  (202, 5, '3', 'mg/2cc', NULL, NULL, 3, '', 1),
  (203, 5, '4', 'mg/3cc', NULL, NULL, 4, '', 1),
  (204, 5, '5', 'mg/4cc', NULL, NULL, 5, '', 1),
  (205, 5, '6', 'mg/5cc', NULL, NULL, 6, '', 1),
  (206, 5, '7', 'mcg', NULL, NULL, 7, '', 1),
  (207, 5, '8', 'grams', NULL, NULL, 8, '', 1),
  (208, 6, 'UNK', '(unknown)', 'UNK', '', 0, '', 1),
  (209, 6, 'AP', 'Apply Externally', 'AP', '', 1, '', 1),
  (210, 6, 'B', 'Buccal', 'B', '', 2, '', 1),
  (211, 6, 'DT', 'Dental', 'DT', '', 3, '', 1),
  (212, 6, 'ET', 'Endotrachial Tube', 'ET', '', 4, '', 1),
  (213, 6, 'EP', 'Epidural', 'EP', '', 5, '', 1),
  (214, 6, 'GTT', 'Gastrostomy Tube', 'GTT', '', 6, '', 1),
  (215, 6, 'GU', 'GU Irrigant', 'GU', '', 7, '', 1),
  (216, 6, 'IMR', 'Immerse (Soak) Body Part', 'IMR', '', 8, '', 1),
  (217, 6, 'IH', 'Inhalation', 'IH', '', 9, '', 1),
  (218, 6, 'IA', 'Intra-arterial', 'IA', '', 10, '', 1),
  (219, 6, 'IB', 'Intrabursal', 'IB', '', 11, '', 1),
  (220, 6, 'IC', 'Intracardiac', 'IC', '', 12, '', 1),
  (221, 6, 'ICV', 'Intracervical (uterus)', 'ICV', '', 13, '', 1),
  (222, 6, 'ID', 'Intradermal', 'ID', '', 14, '', 1),
  (223, 6, 'IHA', 'Intrahepatic Artery', 'IHA', '', 15, '', 1),
  (224, 7, '0', '', NULL, NULL, 0, '', 1),
  (225, 7, '1', 'b.i.d.', NULL, NULL, 1, '', 1),
  (226, 7, '2', 't.i.d.', NULL, NULL, 2, '', 1),
  (227, 7, '3', 'q.i.d.', NULL, NULL, 3, '', 1),
  (228, 7, '4', 'q.3h', NULL, NULL, 4, '', 1),
  (229, 7, '5', 'q.4h', NULL, NULL, 5, '', 1),
  (230, 7, '6', 'q.5h', NULL, NULL, 6, '', 1),
  (231, 7, '7', 'q.6h', NULL, NULL, 7, '', 1),
  (232, 7, '8', 'q.8h', NULL, NULL, 8, '', 1),
  (233, 7, '9', 'q.d.', NULL, NULL, 9, '', 1),
  (234, 7, '10', 'a.c.', NULL, NULL, 10, '', 1),
  (235, 7, '11', 'p.c.', NULL, NULL, 11, '', 1),
  (236, 7, '12', 'a.m.', NULL, NULL, 12, '', 1),
  (237, 7, '13', 'p.m.', NULL, NULL, 13, '', 1),
  (238, 7, '14', 'ante', NULL, NULL, 14, '', 1),
  (239, 7, '15', 'h', NULL, NULL, 15, '', 1),
  (240, 7, '16', 'h.s.', NULL, NULL, 16, '', 1),
  (241, 7, '17', 'p.r.n.', NULL, NULL, 17, '', 1),
  (242, 7, '18', 'stat', NULL, NULL, 18, '', 1),
  (243, 2, 'fileroom', 'File Room', NULL, NULL, 1, '', 1),
  (275, 24, 'Adm adjust', 'Adm adjust', NULL, NULL, 10, '', 1),
  (276, 24, 'After hrs calls', 'After hrs calls', NULL, NULL, 20, '', 1),
  (277, 24, 'Bad check', 'Bad check', NULL, NULL, 30, '', 1),
  (278, 24, 'Bad debt', 'Bad debt', NULL, NULL, 40, '', 1),
  (279, 24, 'Coll w/o', 'Coll w/o', NULL, NULL, 50, '', 1),
  (280, 24, 'Discount', 'Discount', NULL, NULL, 60, '', 1),
  (281, 24, 'Hardship w/o', 'Hardship w/o', NULL, NULL, 70, '', 1),
  (282, 24, 'Ins adjust', 'Ins adjust', NULL, NULL, 80, '', 1),
  (283, 24, 'Ins bundling', 'Ins bundling', NULL, NULL, 90, '', 1),
  (284, 24, 'Ins overpaid', 'Ins overpaid', NULL, NULL, 100, '', 1),
  (285, 24, 'Ins refund', 'Ins refund', NULL, NULL, 110, '', 1),
  (286, 24, 'Pt overpaid', 'Pt overpaid', NULL, NULL, 120, '', 1),
  (287, 24, 'Pt refund', 'Pt refund', NULL, NULL, 130, '', 1),
  (288, 24, 'Pt released', 'Pt released', NULL, NULL, 140, '', 1),
  (289, 24, 'Sm debt w/o', 'Sm debt w/o', NULL, NULL, 150, '', 1),
  (290, 24, 'To copay', 'To copay', NULL, NULL, 160, '', 1),
  (291, 24, 'To ded''ble', 'To ded''ble', NULL, NULL, 170, '', 1),
  (292, 24, 'Untimely filing', 'Untimely filing', NULL, NULL, 180, '', 1),
  (294, 25, '01', 'Self', '01', 'HL70344', 10, 'HL7 Table 0344', 1),
  (295, 25, '02', 'Spouse', '02', 'HL70344', 20, 'HL7 Table 0344', 1),
  (296, 25, '03', 'Child', '03', 'HL70344', 40, 'HL7 Table 0344', 1),
  (297, 25, '09', 'Unknown', '09', 'HL70344', 60, 'HL7 Table 0344', 1),
  (299, 26, 'Unknown or N/A', 'Unknown or N/A', '', '', 5, '', 1),
  (300, 26, 'First', 'First', '', '', 10, '', 1),
  (301, 26, 'Early Recurrence (<2 Mo)', 'Early Recurrence (<2 Mo)', '', '', 15, '', 1),
  (302, 26, 'Late Recurrence (2-12 Mo)', 'Late Recurrence (2-12 Mo)', '', '', 20, '', 1),
  (303, 26, 'Delayed Recurrence (> 12 Mo)', 'Delayed Recurrence (> 12 Mo)', '', '', 25, '', 1),
  (304, 26, 'Chronic/Recurrent', 'Chronic/Recurrent', '', '', 30, '', 1),
  (305, 26, 'Acute on Chronic', 'Acute on Chronic', '', '', 35, '', 1),
  (307, 27, '0', 'Unassigned', NULL, NULL, 2, '', 1),
  (308, 27, '1', 'Resolved', NULL, NULL, 5, '', 1),
  (309, 27, '2', 'Improved', NULL, NULL, 10, '', 1),
  (310, 27, '3', 'Status quo', NULL, NULL, 15, '', 1),
  (311, 27, '4', 'Worse', NULL, NULL, 20, '', 1),
  (312, 27, '5', 'Pending followup', NULL, NULL, 25, '', 1),
  (314, 28, 'Unassigned', 'Unassigned', NULL, NULL, 1, '', 1),
  (315, 28, 'Chart Note', 'Chart Note', NULL, NULL, 2, '', 1),
  (316, 28, 'Insurance', 'Insurance', NULL, NULL, 3, '', 1),
  (317, 28, 'New Document', 'New Document', NULL, NULL, 4, '', 1),
  (318, 28, 'Pharmacy', 'Pharmacy', NULL, NULL, 5, '', 1),
  (319, 28, 'Prior Auth', 'Prior Auth', NULL, NULL, 6, '', 1),
  (320, 28, 'Referral', 'Referral', NULL, NULL, 7, '', 1),
  (321, 28, 'Test Scheduling', 'Test Scheduling', NULL, NULL, 8, '', 1),
  (322, 28, 'Bill/Collect', 'Bill/Collect', NULL, NULL, 9, '', 1),
  (323, 28, 'Other', 'Other', NULL, NULL, 10, '', 1),
  (325, 29, '1', 'DTaP 1', NULL, NULL, 30, '', 1),
  (326, 29, '2', 'DTaP 2', NULL, NULL, 35, '', 1),
  (327, 29, '3', 'DTaP 3', NULL, NULL, 40, '', 1),
  (328, 29, '4', 'DTaP 4', NULL, NULL, 45, '', 1),
  (329, 29, '5', 'DTaP 5', NULL, NULL, 50, '', 1),
  (330, 29, '6', 'DT 1', NULL, NULL, 5, '', 1),
  (331, 29, '7', 'DT 2', NULL, NULL, 10, '', 1),
  (332, 29, '8', 'DT 3', NULL, NULL, 15, '', 1),
  (333, 29, '9', 'DT 4', NULL, NULL, 20, '', 1),
  (334, 29, '10', 'DT 5', NULL, NULL, 25, '', 1),
  (335, 29, '11', 'IPV 1', NULL, NULL, 110, '', 1),
  (336, 29, '12', 'IPV 2', NULL, NULL, 115, '', 1),
  (337, 29, '13', 'IPV 3', NULL, NULL, 120, '', 1),
  (338, 29, '14', 'IPV 4', NULL, NULL, 125, '', 1),
  (339, 29, '15', 'Hib 1', NULL, NULL, 80, '', 1),
  (340, 29, '16', 'Hib 2', NULL, NULL, 85, '', 1),
  (341, 29, '17', 'Hib 3', NULL, NULL, 90, '', 1),
  (342, 29, '18', 'Hib 4', NULL, NULL, 95, '', 1),
  (343, 29, '19', 'Pneumococcal Conjugate 1', NULL, NULL, 140, '', 1),
  (344, 29, '20', 'Pneumococcal Conjugate 2', NULL, NULL, 145, '', 1),
  (345, 29, '21', 'Pneumococcal Conjugate 3', NULL, NULL, 150, '', 1),
  (346, 29, '22', 'Pneumococcal Conjugate 4', NULL, NULL, 155, '', 1),
  (347, 29, '23', 'MMR 1', NULL, NULL, 130, '', 1),
  (348, 29, '24', 'MMR 2', NULL, NULL, 135, '', 1),
  (349, 29, '25', 'Varicella 1', NULL, NULL, 165, '', 1),
  (350, 29, '26', 'Varicella 2', NULL, NULL, 170, '', 1),
  (351, 29, '27', 'Hepatitis B 1', NULL, NULL, 65, '', 1),
  (352, 29, '28', 'Hepatitis B 2', NULL, NULL, 70, '', 1),
  (353, 29, '29', 'Hepatitis B 3', NULL, NULL, 75, '', 1),
  (354, 29, '30', 'Influenza 1', NULL, NULL, 100, '', 1),
  (355, 29, '31', 'Influenza 2', NULL, NULL, 105, '', 1),
  (356, 29, '32', 'Td', NULL, NULL, 160, '', 1),
  (357, 29, '33', 'Hepatitis A 1', NULL, NULL, 55, '', 1),
  (358, 29, '34', 'Hepatitis A 2', NULL, NULL, 60, '', 1),
  (359, 29, '35', 'Other', NULL, NULL, 175, '', 1),
  (361, 30, '-', '- None', '#ffffff', 'bgcolor', 10, '', 1),
  (362, 30, '*', '* Reminder done', '#a8c67b', 'bgcolor', 20, '', 1),
  (364, 30, 'X', 'X Canceled', '#eda12a', 'bgcolor', 60, '', 1),
  (365, 30, '?', '? No show', '#cf2424', 'bgcolor', 50, '', 1),
  (366, 30, '@', '@ Arrived', '#83ad47', 'bgcolor', 30, '', 1),
  (367, 30, '~', '~ Arrived late', '#fa7166', 'bgcolor', 40, '', 1),
  (368, 30, '!', '! Left w/o visit', '#d5b816', 'bgcolor', 80, '', 1),
  (369, 30, '#', '# Ins/fin issue', '#9d3283', 'bgcolor', 90, '', 1),
  (373, 30, '%', '% Canceled < 24h', '#f88015', 'bgcolor', 70, '', 1),
  (375, 31, 'onsite', 'On Site', NULL, NULL, 5, '', 1),
  (377, 32, 'ord_img', 'Imaging Service', NULL, NULL, 5, '', 1),
  (378, 32, 'ord_imm', 'Immunization Service', NULL, NULL, 10, '', 1),
  (379, 32, 'ord_lab', 'Lab Service', NULL, NULL, 15, '', 1),
  (380, 32, 'spe', 'Specialist', NULL, NULL, 20, '', 1),
  (381, 32, 'vendor', 'Vendor', NULL, NULL, 25, '', 1),
  (382, 32, 'dist', 'Distributor', NULL, NULL, 30, '', 1),
  (383, 32, 'oth', 'Other', NULL, NULL, 95, '', 1),
  (385, 33, 'grp', 'Group', NULL, NULL, 10, '', 1),
  (386, 33, 'ord', 'Procedure Order', NULL, NULL, 20, '', 1),
  (387, 33, 'res', 'Discrete Result', NULL, NULL, 30, '', 1),
  (388, 33, 'rec', 'Recommendation', NULL, NULL, 40, '', 1),
  (390, 34, 'arm', 'Arm', NULL, NULL, 10, '', 1),
  (391, 34, 'buttock', 'Buttock', NULL, NULL, 20, '', 1),
  (392, 34, 'oth', 'Other', NULL, NULL, 90, '', 1),
  (394, 35, 'blood', 'Blood', NULL, NULL, 10, '', 1),
  (395, 35, 'saliva', 'Saliva', NULL, NULL, 20, '', 1),
  (396, 35, 'urine', 'Urine', NULL, NULL, 30, '', 1),
  (397, 35, 'oth', 'Other', NULL, NULL, 90, '', 1),
  (399, 36, 'inj', 'Injection', NULL, NULL, 10, '', 1),
  (400, 36, 'oral', 'Oral', NULL, NULL, 20, '', 1),
  (401, 36, 'oth', 'Other', NULL, NULL, 90, '', 1),
  (403, 37, 'left', 'Left', NULL, NULL, 10, '', 1),
  (404, 37, 'right', 'Right', NULL, NULL, 20, '', 1),
  (405, 37, 'bilat', 'Bilateral', NULL, NULL, 30, '', 1),
  (408, 38, 'CU.MM', 'CU.MM', NULL, NULL, 20, '', 1),
  (409, 38, 'fl', 'fl', NULL, NULL, 10, '', 1),
  (410, 38, 'g/dL', 'g/dL', NULL, NULL, 30, '', 1),
  (411, 38, 'mg/dL', 'mg/dL', NULL, NULL, 40, '', 1),
  (412, 38, 'mmol/L', 'mmol/L', NULL, NULL, 50, '', 1),
  (413, 38, 'iu/L', 'iu/L', NULL, NULL, 60, '', 1),
  (414, 38, 'md/dl', 'md/dl', NULL, NULL, 70, '', 1),
  (415, 38, 'Mil/CU.MM', 'Mil/CU.MM', NULL, NULL, 80, '', 1),
  (416, 38, '%', '%', NULL, NULL, 90, '', 1),
  (417, 38, 'Percentile', 'Percentile', NULL, NULL, 100, '', 1),
  (418, 38, 'PG', 'PG', NULL, NULL, 110, '', 1),
  (419, 38, 'Ratio', 'Ratio', NULL, NULL, 120, '', 1),
  (420, 38, 'Thous/CU.MM', 'Thous/CU.MM', NULL, NULL, 130, '', 1),
  (431, 40, 'pending', 'Pending', NULL, NULL, 10, '', 1),
  (432, 40, 'routed', 'Routed', NULL, NULL, 20, '', 1),
  (433, 40, 'complete', 'Complete', NULL, NULL, 30, '', 1),
  (434, 40, 'canceled', 'Canceled', NULL, NULL, 40, '', 1),
  (436, 41, 'final', 'Final', NULL, NULL, 10, '', 1),
  (437, 41, 'review', 'Reviewed', NULL, NULL, 20, '', 1),
  (438, 41, 'prelim', 'Preliminary', NULL, NULL, 30, '', 1),
  (439, 41, 'cancel', 'Canceled', NULL, NULL, 40, '', 1),
  (440, 41, 'error', 'Error', NULL, NULL, 50, '', 1),
  (441, 41, 'correct', 'Corrected', NULL, NULL, 60, '', 1),
  (443, 42, 'no', 'No', NULL, NULL, 10, '', 1),
  (444, 42, 'yes', 'Yes', NULL, NULL, 20, '', 1),
  (445, 42, 'high', 'High', NULL, NULL, 30, '', 1),
  (446, 42, 'low', 'Low', NULL, NULL, 40, '', 1),
  (448, 43, 'final', 'Final', NULL, NULL, 10, '', 1),
  (449, 43, 'prelim', 'Preliminary', NULL, NULL, 20, '', 1),
  (450, 43, 'cancel', 'Canceled', NULL, NULL, 30, '', 1),
  (451, 43, 'error', 'Error', NULL, NULL, 40, '', 1),
  (452, 43, 'correct', 'Corrected', NULL, NULL, 50, '', 1),
  (453, 43, 'incomplete', 'Incomplete', NULL, NULL, 60, '', 1),
  (455, 44, 'neg', 'Negative', NULL, NULL, 10, '', 1),
  (456, 44, 'pos', 'Positive', NULL, NULL, 20, '', 1),
  (458, 45, 'Done', 'Done', NULL, NULL, 5, '', 1),
  (459, 45, 'Forwarded', 'Forwarded', NULL, NULL, 10, '', 1),
  (460, 45, 'New', 'New', NULL, NULL, 15, '', 1),
  (461, 45, 'Read', 'Read', NULL, NULL, 20, '', 1),
  (462, 28, 'Lab Results', 'Lab Results', NULL, NULL, 15, '', 1),
  (463, 28, 'New Orders', 'New Orders', NULL, NULL, 20, '', 1),
  (464, 28, 'Patient Reminders', 'Patient Reminders', NULL, NULL, 25, '', 1),
  (466, 46, 'main', 'Main', NULL, NULL, 1, '', 1),
  (468, 47, 'eligible', 'Eligible', NULL, NULL, 10, '', 1),
  (469, 47, 'ineligible', 'Ineligible', NULL, NULL, 20, '', 1),
  (471, 48, 'Referral', 'Referral', NULL, NULL, 10, '', 1),
  (472, 48, 'Patient Request', 'Patient Request', NULL, NULL, 20, '', 1),
  (473, 48, 'Physician Request', 'Physician Request', NULL, NULL, 30, '', 1),
  (474, 48, 'Legal', 'Legal', NULL, NULL, 40, '', 1),
  (475, 48, 'Billing', 'Billing', NULL, NULL, 50, '', 1),
  (477, 49, 'family_payment', 'Family Payment', NULL, NULL, 10, '', 1),
  (478, 49, 'group_payment', 'Group Payment', NULL, NULL, 20, '', 1),
  (479, 49, 'insurance_payment', 'Insurance Payment', NULL, NULL, 30, '', 1),
  (480, 49, 'patient_payment', 'Patient Payment', NULL, NULL, 40, '', 1),
  (481, 49, 'pre_payment', 'Pre Payment', NULL, NULL, 50, '', 1),
  (483, 50, '0', 'Pat', NULL, NULL, 40, '', 1),
  (484, 50, '1', 'Ins1', NULL, NULL, 10, '', 1),
  (485, 50, '2', 'Ins2', NULL, NULL, 20, '', 1),
  (486, 50, '3', 'Ins3', NULL, NULL, 30, '', 1),
  (488, 51, 'bank_draft', 'Bank Draft', NULL, NULL, 50, '', 1),
  (489, 51, 'cash', 'Cash', NULL, NULL, 20, '', 1),
  (490, 51, 'check_payment', 'Check Payment', NULL, NULL, 10, '', 1),
  (491, 51, 'credit_card', 'Credit Card', NULL, NULL, 30, '', 1),
  (492, 51, 'electronic', 'Electronic', NULL, NULL, 40, '', 1),
  (494, 52, 'check_date', 'Check Date', NULL, NULL, 20, '', 1),
  (495, 52, 'payer_id', 'Ins Code', NULL, NULL, 40, '', 1),
  (496, 52, 'payment_method', 'Payment Method', NULL, NULL, 50, '', 1),
  (497, 52, 'payment_type', 'Paying Entity', NULL, NULL, 30, '', 1),
  (498, 52, 'pay_total', 'Amount', NULL, NULL, 70, '', 1),
  (499, 52, 'reference', 'Check Number', NULL, NULL, 60, '', 1),
  (500, 52, 'session_id', 'Id', NULL, NULL, 10, '', 1),
  (502, 53, 'fully_paid', 'Fully Paid', NULL, NULL, 10, '', 1),
  (503, 53, 'unapplied', 'Unapplied', NULL, NULL, 20, '', 1),
  (505, 54, 'insurance', 'Insurance', NULL, NULL, 10, '', 1),
  (506, 54, 'patient', 'Patient', NULL, NULL, 20, '', 1),
  (508, 55, 'all', 'All', NULL, NULL, 10, '', 1),
  (509, 55, 'today', 'Today', NULL, NULL, 20, '', 1),
  (510, 55, 'this_month_to_date', 'This Month to Date', NULL, NULL, 30, '', 1),
  (511, 55, 'last_month', 'Last Month', NULL, NULL, 40, '', 1),
  (512, 55, 'this_week_to_date', 'This Week to Date', NULL, NULL, 50, '', 1),
  (513, 55, 'this_calendar_year', 'This Calendar Year', NULL, NULL, 60, '', 1),
  (514, 55, 'last_calendar_year', 'Last Calendar Year', NULL, NULL, 70, '', 1),
  (515, 55, 'custom', 'Custom', NULL, NULL, 80, '', 1),
  (518, 57, 'disclosure-treatment', 'Treatment', NULL, NULL, 10, '', 1),
  (519, 57, 'disclosure-payment', 'Payment', NULL, NULL, 20, '', 1),
  (520, 57, 'disclosure-healthcareoperations', 'Health Care Operations', NULL, NULL, 30, '', 1),
  (522, 58, '449868002', 'Current every day smoker', '449868002', 'SNOMEDCT', 10, 'SNOMED-CT values acceptable for Smoking Status', 1),
  (523, 58, '428041000124106', 'Current some day smoker', '428041000124106', 'SNOMEDCT', 20, 'SNOMED-CT values acceptable for Smoking Status', 1),
  (524, 58, '8517006', 'Former smoker', '8517006', 'SNOMEDCT', 30, 'SNOMED-CT values acceptable for Smoking Status', 1),
  (525, 58, '266919005', 'Never smoker', '266919005', 'SNOMEDCT', 40, 'SNOMED-CT values acceptable for Smoking Status', 1),
  (526, 58, '77176002', 'Smoker, current status unknown', '77176002', 'SNOMEDCT', 50, 'SNOMED-CT values acceptable for Smoking Status', 1),
  (527, 58, '266927001', 'Unknown if ever smoked', '266927001', 'SNOMEDCT', 60, 'SNOMED-CT values acceptable for Smoking Status', 1),
  (529, 59, 'N', 'Not Hispanic or Latino', '2186-5', 'HL70189', 10, 'HL7 Table 0189', 1),
  (530, 59, 'U', 'Unknown', 'U', 'HL70189', 20, 'HL7 Table 0189', 1),
  (538, 61, 'date_val', 'Date', NULL, NULL, 10, '', 1),
  (539, 61, 'post_to_date', 'Post To Date', NULL, NULL, 20, '', 1),
  (540, 61, 'deposit_date', 'Deposit Date', NULL, NULL, 30, '', 1),
  (542, 62, 'Oral', 'Oral', NULL, NULL, 10, '', 1),
  (543, 62, 'Tympanic Membrane', 'Tympanic Membrane', NULL, NULL, 50, '', 1),
  (544, 62, 'Rectal', 'Rectal', NULL, NULL, 20, '', 1),
  (545, 62, 'Axillary', 'Axillary', NULL, NULL, 30, '', 1),
  (546, 62, 'Temporal Artery', 'Temporal Artery', NULL, NULL, 40, '', 1),
  (564, 74, 'Unassigned', 'Unassigned', NULL, NULL, 0, '', 1),
  (565, 74, 'Resolved', 'Resolved', NULL, NULL, 0, '', 1),
  (566, 74, 'Improved', 'Improved', NULL, NULL, 0, '', 1),
  (567, 74, 'Status quo', 'Status quo', NULL, NULL, 0, '', 1),
  (568, 74, 'Worse', 'Worse', NULL, NULL, 0, '', 1),
  (569, 74, 'Pending followup', 'Pending followup', NULL, NULL, 0, '', 1),
  (570, 75, 'Norvasc', 'Norvasc', NULL, NULL, 0, '', 1),
  (571, 75, 'Lipitor', 'Lipitor', NULL, NULL, 0, '', 1),
  (572, 75, 'Metformin', 'Metformin', NULL, NULL, 0, '', 1),
  (573, 76, 'tonsillectomy', 'tonsillectomy', NULL, NULL, 0, '', 1),
  (574, 76, 'appendectomy', 'appendectomy', NULL, NULL, 0, '', 1),
  (575, 76, 'cholecystectomy', 'cholecystectomy', NULL, NULL, 0, '', 1),
  (576, 77, 'Week', 'Week', NULL, NULL, 0, '', 1),
  (577, 77, 'Year', 'Year', NULL, NULL, 0, '', 1),
  (578, 77, 'Month', 'Month', NULL, NULL, 0, '', 1),
  (579, 56, 'CPT4', 'CPT4', NULL, NULL, 10, '', 1),
  (581, 56, 'HCPCS', 'HCPCS', NULL, NULL, 30, '', 1),
  (582, 78, '4', 'Laboratory Tests', NULL, NULL, 20, '', 1),
  (583, 78, '3', 'Immunizations', NULL, NULL, 10, '', 1),
  (584, 78, '1516', 'Diagnostic Tests', NULL, NULL, 30, '', 1),
  (585, 56, 'CVX', 'CVX', NULL, NULL, 40, '', 1),
  (586, 56, 'LOINC', 'LOINC', NULL, NULL, 50, '', 1),
  (587, 38, 'U/kg', 'U/kg', NULL, NULL, 0, '', 1),
  (588, 38, 'U/L', 'U/L', NULL, NULL, 0, '', 1),
  (589, 38, 'mmol/L', 'mmol/L', NULL, NULL, 0, '', 1),
  (590, 38, 'miliU/L', 'miliU/L', NULL, NULL, 0, '', 1),
  (591, 38, 'meq/L', 'meq/L', NULL, NULL, 0, '', 1),
  (592, 38, 'mEq/L', 'mEq/L', NULL, NULL, 0, '', 1),
  (593, 38, 'mEq/dl', 'mEq/dl', NULL, NULL, 0, '', 1),
  (594, 38, 'M/uL', 'M/uL', NULL, NULL, 0, '', 1),
  (595, 38, 'ug/dL', 'ug/dL', NULL, NULL, 0, '', 1),
  (596, 38, 'K/uL', 'K/uL', NULL, NULL, 0, '', 1),
  (597, 38, '10S3/mm3', '10S3/mm3', NULL, NULL, 0, '', 1),
  (598, 38, '10S6/mm3', '10S6/mm3', NULL, NULL, 0, '', 1),
  (599, 38, 'ng/mL', 'ng/mL', NULL, NULL, 0, '', 1),
  (600, 38, 'IU/L', 'IU/L', NULL, NULL, 0, '', 0),
  (601, 79, 'Skin', 'Skin', NULL, NULL, 0, '', 1),
  (602, 79, 'Local', 'Local', NULL, NULL, 0, '', 1),
  (603, 79, 'Abdominal', 'Abdominal', NULL, NULL, 0, '', 1),
  (604, 79, 'Systemic / Anaphylactic', 'Systemic / Anaphylactic', NULL, NULL, 0, '', 1),
  (605, 80, 'Rash - localized', 'Rash - localized', '271807003', 'SNOMEDCT', 0, '', 1),
  (606, 80, 'Rash - generalized', 'Rash - generalized', '200892002', 'SNOMEDCT', 0, '', 1),
  (607, 80, 'Itchiness', 'Itchiness', '418290006', 'SNOMEDCT', 0, '', 1),
  (608, 80, 'Patchy swelling-skin', 'Patchy swelling-skin', '300886007', 'SNOMEDCT', 0, '', 1),
  (609, 80, 'Facial swelling', 'Facial swelling', '278528006', 'SNOMEDCT', 0, '', 1),
  (610, 80, 'Hives', 'Hives', '247472004', 'SNOMEDCT', 0, '', 1),
  (611, 81, 'Conjunctivitis', 'Conjunctivitis', '9826008', 'SNOMEDCT', 0, '', 1),
  (612, 81, 'Runny nose', 'Runny nose', '64531003', 'SNOMEDCT', 0, '', 1),
  (613, 81, 'Cough', 'Cough', '49727002', 'SNOMEDCT', 0, '', 1),
  (614, 82, 'Pain / cramping', 'Pain / cramping', '21522001', 'SNOMEDCT', 0, '', 1),
  (615, 82, 'Bloating / gas', 'Bloating / gas', '116289008', 'SNOMEDCT', 0, '', 1),
  (616, 82, 'Vomiting', 'Vomiting', '16932000', 'SNOMEDCT', 0, '', 1),
  (617, 82, 'Diarrhea', 'Diarrhea', '62315008', 'SNOMEDCT', 0, '', 1),
  (618, 82, 'Nausea', 'Nausea', '422587007', 'SNOMEDCT', 0, '', 1),
  (619, 83, 'Shortness of breath', 'Shortness of breath', '267036007', 'SNOMEDCT', 10, '', 1),
  (620, 83, 'Wheezing', 'Wheezing', '56018004', 'SNOMEDCT', 20, '', 1),
  (621, 83, 'Tongue swelling', 'Tongue swelling', '421262002', 'SNOMEDCT', 30, '', 1),
  (622, 83, 'Difficulty swallowing food', 'Difficulty swallowing food', '288945004', 'SNOMEDCT', 40, '', 1),
  (623, 83, 'Dizziness / Lightheadedness', 'Dizziness / Lightheadedness', '404640003', 'SNOMEDCT', 60, '', 1),
  (625, 83, 'Chest Pain', 'Chest Pain', '29857009', 'SNOMEDCT', 80, '', 1),
  (626, 83, 'Irregular Heartbeat', 'Irregular Heartbeat', '361138002', 'SNOMEDCT', 90, '', 1),
  (627, 83, 'Tachycardia', 'Tachycardia', '3424008', 'SNOMEDCT', 100, '', 1),
  (628, 83, 'Bradycardia', 'Bradycardia', '48867003', 'SNOMEDCT', 110, '', 1),
  (629, 83, 'Respiratory Distress', 'Respiratory Distress', '271825005', 'SNOMEDCT', 120, '', 1),
  (630, 84, 'Mild', 'Mild', '255604002', 'SNOMEDCT', 10, '', 1),
  (631, 84, 'Mild to moderate', 'Mild to moderate', '371923003', 'SNOMEDCT', 20, '', 1),
  (632, 84, 'Moderate', 'Moderate', '6736007', 'SNOMEDCT', 30, '', 1),
  (633, 84, 'Moderate to severe', 'Moderate to severe', '371924009', 'SNOMEDCT', 40, '', 1),
  (634, 85, 'Drug allergy', 'Drug allergy', '416098002', 'SNOMEDCT', 10, '', 1),
  (635, 85, 'Food allergy', 'Food allergy', '414285001', 'SNOMEDCT', 20, '', 1),
  (636, 85, 'Allergy to substance', 'Environmental allergy (substance)', '419199007', 'SNOMEDCT', 30, '', 1),
  (637, 78, '1517', 'Disease Management', NULL, NULL, 10, '', 1),
  (638, 78, '1518', 'Pedriatic Vaccines', NULL, NULL, 10, '', 1),
  (640, 86, 'QH', 'every hour', NULL, NULL, 10, '', 1),
  (641, 86, 'Q2H', 'every 2 hours', NULL, NULL, 20, '', 1),
  (642, 86, 'Q4H', 'every 4 hours', NULL, NULL, 30, '', 1),
  (643, 86, 'Q6H', 'every 6 hours', NULL, NULL, 40, '', 1),
  (644, 86, 'Q8H', 'every 8 hours', NULL, NULL, 50, '', 1),
  (645, 86, 'QHS', 'every bedtime', NULL, NULL, 60, '', 1),
  (646, 86, 'QD', 'every day', NULL, NULL, 70, '', 1),
  (647, 86, 'QOD', 'every other day', NULL, NULL, 80, '', 1),
  (648, 86, 'QWK', 'every week', NULL, NULL, 90, '', 1),
  (649, 86, 'QMO', 'every month', NULL, NULL, 100, '', 1),
  (650, 86, 'BID', 'twice a day', NULL, NULL, 110, '', 1),
  (651, 87, 'before meals', 'before meals', NULL, NULL, 0, '', 1),
  (652, 87, 'at bedtime', 'at bedtime', NULL, NULL, 0, '', 1),
  (653, 87, 'between meals', 'between meals', NULL, NULL, 0, '', 1),
  (654, 87, 'after meals', 'after meals', NULL, NULL, 0, '', 1),
  (655, 88, 'right ear', 'right ear', NULL, NULL, 0, '', 1),
  (656, 88, 'left ear', 'left ear', NULL, NULL, 0, '', 1),
  (657, 88, 'left eye', 'left eye', NULL, NULL, 0, '', 1),
  (658, 88, 'right eye', 'right eye', NULL, NULL, 0, '', 1),
  (659, 88, 'both eyes', 'both eyes', NULL, NULL, 0, '', 1),
  (660, 88, 'by mouth', 'by mouth', NULL, NULL, 0, '', 1),
  (661, 88, 'both ears', 'both ears', NULL, NULL, 0, '', 1),
  (662, 88, 'sublingual', 'sublingual', NULL, NULL, 0, '', 1),
  (663, 88, 'apply topically', 'apply topically', NULL, NULL, 0, '', 1),
  (664, 89, 'capsule', 'capsule', NULL, NULL, 0, '', 1),
  (665, 89, 'drops', 'drops', NULL, NULL, 0, '', 1),
  (666, 89, 'drop', 'drop', NULL, NULL, 0, '', 1),
  (667, 89, 'milligrams', 'milligrams', NULL, NULL, 0, '', 1),
  (668, 89, 'milligram', 'milligram', NULL, NULL, 0, '', 1),
  (669, 89, 'milliliters', 'milliliters', NULL, NULL, 0, '', 1),
  (670, 89, 'tablet', 'tablet', NULL, NULL, 0, '', 1),
  (671, 89, 'tablets', 'tablets', NULL, NULL, 0, '', 1),
  (672, 89, 'tablespoon (15ml)', 'tablespoon (15ml)', NULL, NULL, 0, '', 1),
  (673, 89, 'teaspoon (5ml)', 'teaspoon (5ml)', NULL, NULL, 0, '', 1),
  (674, 20, 'PR', 'Puerto Rico', NULL, NULL, 0, '', 1),
  (675, 59, 'H', 'Hispanic or Latino', '2135-2', 'HL70189', 0, 'HL7 Table 0189', 1),
  (676, 19, '', 'Both', '', '', 0, '', 1),
  (677, 90, '1 Day', '1 Day', NULL, NULL, 10, '', 1),
  (678, 90, '2 Days', '2 Days', NULL, NULL, 20, '', 1),
  (679, 90, '3 Days', '3 Days', NULL, NULL, 30, '', 1),
  (680, 90, '1 Week', '1 Week', NULL, NULL, 40, '', 1),
  (681, 90, '2 Weeks', '2 Weeks', NULL, NULL, 50, '', 1),
  (682, 90, '3 Weeks', '3 Weeks', NULL, NULL, 60, '', 1),
  (683, 90, '1 Month', '1 Month', NULL, NULL, 70, '', 1),
  (684, 90, '2 Months', '2 Months', NULL, NULL, 80, '', 1),
  (685, 90, '3 Months', '3 Months', NULL, NULL, 90, '', 1),
  (686, 90, '4 Months', '4 Months', NULL, NULL, 100, '', 1),
  (687, 90, '5 Months', '5 Months', NULL, NULL, 110, '', 1),
  (688, 90, '6 Months', '6 Months', NULL, NULL, 120, '', 1),
  (689, 90, '1 Year', '1 Year', NULL, NULL, 130, '', 1),
  (690, 90, '2 Years', '2 Years', NULL, NULL, 140, '', 1),
  (691, 91, '(N) Problem-Focused', '(N) Problem-Focused', '99201', 'CPT', 10, '', 1),
  (692, 91, '(N) Expanded Problem-Focused', '(N) Expanded Problem-Focused', '99202', 'CPT', 20, '', 1),
  (693, 91, '(N) Detailed', '(N) Detailed', '99203', 'CPT', 30, '', 1),
  (694, 91, '(N) Comprehensive', '(N) Comprehensive', '99204', 'CPT', 40, '', 1),
  (695, 93, '1', 'Yes', NULL, NULL, 0, '', 1),
  (696, 93, '2', 'No', NULL, NULL, 0, '', 1),
  (697, 93, '3', 'N/A', NULL, NULL, 0, '', 1),
  (698, 94, 'Minimal', 'Minimal', '#008000', 'bgcolor', 10, '', 1),
  (699, 94, 'Delayed', 'Delayed', '#ffff00', 'bgcolor', 20, '', 1),
  (700, 94, 'Immediate', 'Immediate', '#ff0000', 'bgcolor', 30, '', 1),
  (701, 94, 'Expectant', 'Expectant', '#808080', 'bgcolor', 40, '', 1),
  (702, 94, 'Deceased', 'Deceased', '#000000', 'bgcolor', 50, '', 1),
  (703, 91, '(E) Problem-Focused', '(E) Problem-Focused', '99212', 'CPT', 50, '', 1),
  (704, 95, 'M', 'Male', 'M', 'HL70001', 20, 'HL7 Table 0001', 1),
  (705, 95, 'F', 'Female', 'F', 'HL70001', 10, 'HL7 Table 0001', 1),
  (706, 95, 'A', 'Ambiguous', 'A', 'HL70001', 30, 'HL7 Table 0001', 1),
  (709, 95, 'O', 'Other', 'O', 'HL70001', 40, 'HL7 Table 0001', 1),
  (710, 86, 'TID', 'three a day', NULL, NULL, 120, '', 1),
  (711, 86, 'QID', 'four a day', NULL, NULL, 130, '', 1),
  (712, 86, 'X2D', 'time 2 days', NULL, NULL, 140, '', 1),
  (713, 86, 'X4D', 'time 4 days', NULL, NULL, 150, '', 1),
  (714, 86, 'X6D', 'time 6 days', NULL, NULL, 160, '', 1),
  (715, 86, 'X8D', 'time 8 days', NULL, NULL, 170, '', 1),
  (716, 86, 'TDS', '3 times a day', NULL, NULL, 180, '', 1),
  (717, 86, 'AC', 'defore meals', NULL, NULL, 190, '', 1),
  (718, 86, 'lPC', 'after mea', NULL, NULL, 200, '', 1),
  (719, 86, 'HS', 'at bedtime', NULL, NULL, 210, '', 1),
  (720, 86, 'PRN', 'as needed', NULL, NULL, 220, '', 1),
  (724, 96, 'P', 'Primary', '', '', 10, '', 1),
  (725, 96, 'S', 'Secondary', '', '', 20, '', 1),
  (726, 96, 'C', 'Complementary', '', '', 30, '', 1),
  (727, 96, 'D', 'Disabled', '', '', 40, '', 1),
  (728, 14, '1002-5', 'American Indian or Alaska Native', '1002-5', 'HL70005', 0, 'HL7 Table 0005', 1),
  (729, 12, 'O', 'Other', 'O', 'HL70002', 70, 'HL7 Table 0002', 1),
  (730, 25, '08', 'Employee', '08', 'HL70344', 50, 'HL7 Table 0344', 1),
  (731, 25, '18', 'Parent', '18', 'HL70344', 30, 'HL7 Table 0344', 1),
  (732, 97, 'A', 'Add ordered tests to the existing specimen', 'A', 'HL70065', 0, 'HL7 Table 0065', 1),
  (733, 97, 'G', 'Generated order; reflex order', 'G', 'HL70065', 0, 'HL7 Table 0065', 1),
  (734, 97, 'L', 'Lab to obtain specimen from patient', 'L', 'HL70065', 0, 'HL7 Table 0065', 1),
  (735, 97, 'O', 'Specimen obtained by service other than Lab', 'O', 'HL70065', 0, 'HL7 Table 0065', 1),
  (736, 97, 'P', 'Pending specimen; Order sent prior to delivery', 'P', 'HL70065', 0, 'HL7 Table 0065', 1),
  (737, 97, 'R', 'Revised order', 'R', 'HL70065', 0, 'HL7 Table 0065', 1),
  (738, 97, 'S', 'Schedule the tests specified below', 'S', 'HL70065', 0, 'HL7 Table 0065', 1),
  (739, 98, 'A', 'Some, but not all, results available', 'A', 'HL70123', 10, 'HL7 Table 0123', 1),
  (740, 98, 'C', 'Correction to results', 'C', 'HL70123', 20, 'HL7 Table 0123', 1),
  (741, 98, 'F', 'Final results; results stored and verified. Can only be changed with a corrected result.', 'F', 'HL70123', 30, 'HL7 Table 0123', 1),
  (742, 98, 'I', 'No results available; specimen received, procedure incomplete', 'I', 'HL70123', 40, 'HL7 Table 0123', 1),
  (743, 98, 'O', 'Order received; specimen not yet received', 'O', 'HL70123', 50, 'HL7 Table 0123', 1),
  (744, 98, 'P', 'Preliminary: A verified early result is available, final results not yet obtained', 'P', 'HL70123', 60, 'HL7 Table 0123', 1),
  (745, 98, 'R', 'Results stored; not yet verified', 'R', 'HL70123', 70, 'HL7 Table 0123', 1),
  (746, 98, 'S', 'No results available; procedure scheduled, but not done', 'S', 'HL70123', 80, 'HL7 Table 0123', 1),
  (747, 98, 'X', 'No results available; Order canceled.', 'X', 'HL70123', 90, 'HL7 Table 0123', 1),
  (748, 98, 'Y', 'No order on record for this test. (Used only on queries)', 'Y', 'HL70123', 100, 'HL7 Table 0123', 1),
  (749, 98, 'Z', 'No record of this patient. (Used only on queries)', 'Z', 'HL70123', 110, 'HL7 Table 0123', 1),
  (750, 99, 'F', 'Film-with-patient', NULL, NULL, 10, 'HL7 Table 0507', 1),
  (751, 99, 'N', 'Notify provider when ready', NULL, NULL, 20, 'HL7 Table 0507', 1),
  (752, 100, 'L', 'Below low normal', NULL, NULL, 10, 'HL7 Table 0078', 1),
  (753, 100, 'H', 'Above high normal', NULL, NULL, 20, 'HL7 Table 0078', 1),
  (754, 100, 'LL', 'Below lower panic limits', NULL, NULL, 30, 'HL7 Table 0078', 1),
  (755, 100, 'HH', 'Above upper panic limits', NULL, NULL, 40, 'HL7 Table 0078', 1),
  (756, 100, '<', 'Below absolute low-off instrument scale', NULL, NULL, 50, 'HL7 Table 0078', 1),
  (757, 100, '>', 'Above absolute high-off instrument scale', NULL, NULL, 60, 'HL7 Table 0078', 1),
  (758, 100, 'N', 'Normal', NULL, NULL, 70, 'HL7 Table 0078', 1),
  (759, 100, 'A', 'Abnormal', NULL, NULL, 80, 'HL7 Table 0078', 1),
  (760, 100, 'AA', 'Very abnormal', NULL, NULL, 90, 'HL7 Table 0078', 1),
  (761, 100, 'null', 'No range defined, or normal ranges don''t apply', NULL, NULL, 100, 'HL7 Table 0078', 1),
  (762, 100, 'U', 'Significant change up', NULL, NULL, 110, 'HL7 Table 0078', 1),
  (763, 100, 'D', 'Significant change down', NULL, NULL, 120, 'HL7 Table 0078', 1),
  (764, 100, 'B', 'Better', NULL, NULL, 130, 'HL7 Table 0078', 1),
  (765, 100, 'W', 'Worse', NULL, NULL, 140, 'HL7 Table 0078', 1),
  (766, 100, 'S', 'Susceptible', NULL, NULL, 150, 'HL7 Table 0078', 1),
  (767, 100, 'R', 'Resistant', NULL, NULL, 160, 'HL7 Table 0078', 1),
  (768, 100, 'I', 'Intermediate', NULL, NULL, 170, 'HL7 Table 0078', 1),
  (769, 100, 'MS', 'Moderately susceptible', NULL, NULL, 180, 'HL7 Table 0078', 1),
  (770, 100, 'VS', 'Very susceptible', NULL, NULL, 190, 'HL7 Table 0078', 1),
  (771, 58, '428071000124103', 'Heavy tobacco smoker', '428071000124103', 'SNOMEDCT', 70, 'SNOMED-CT values acceptable for Smoking Status', 1),
  (772, 58, '428061000124105', 'Light tobacco smoker', '428061000124105', 'SNOMEDCT', 80, 'SNOMED-CT values acceptable for Smoking Status', 1),
  (773, 101, '229819007', 'Tobacco use and exposure', '229819007', 'SNOMEDCT', 0, '', 1),
  (774, 101, '256235009', 'Exercise', '256235009', 'SNOMEDCT', 0, '', 1),
  (775, 101, '160573003', 'Alcohol intake', '160573003', 'SNOMEDCT', 0, '', 1),
  (776, 101, '364393001', 'Nutritional observable', '364393001', 'SNOMEDCT', 0, '', 1),
  (777, 101, '364703007', 'Employment detail', '364703007', 'SNOMEDCT', 0, '', 1),
  (778, 101, '425400000', 'Toxic exposure status', '425400000', 'SNOMEDCT', 0, '', 1),
  (779, 101, '363908000', 'Details of drug misuse behavior', '363908000', 'SNOMEDCT', 0, '', 1),
  (780, 101, '228272008', 'Health-related behavior', '228272008', 'SNOMEDCT', 0, '', 1),
  (781, 101, '105421008', 'Educational Achievement', '105421008', 'SNOMEDCT', 0, '', 1),
  (782, 102, 'Referral', 'Referral', '', '', 60, '', 1),
  (783, 102, 'General', 'General', '', '', 30, '', 1),
  (784, 102, 'Rx', 'Rx', '', '', 70, '', 1),
  (785, 102, 'Lab', 'Lab', '', '', 40, '', 1),
  (786, 102, 'X-Ray', 'X-Ray', '', '', 80, '', 1),
  (787, 102, 'CT', 'CT', '', '', 20, '', 1),
  (788, 102, 'Legal', 'Legal', '', '', 50, '', 1),
  (789, 102, 'Doctors Note', 'Doctors Note', '', '', 10, '', 1),
  (790, 103, 'Y', 'Yes', 'Y', 'HL70136', 10, 'HL7 Table 0136', 1),
  (791, 103, 'N', 'No', 'N', 'HL70136', 20, 'HL7 Table 0136', 1),
  (792, 104, 'USA', 'USA', '', '', 0, '', 1),
  (793, 105, '160593006', 'Alcohol intake within recommended sensible limits', '160593006', 'SNOMED', 10, '', 1),
  (795, 105, '428202005', 'Alcohol intake within recommended daily limit', '428202005', 'SNOMED', 30, '', 1),
  (796, 105, '429775004', 'Alcohol intake exceeds recommended daily limit', '429775004', 'SNOMED', 40, '', 1),
  (797, 105, '413968004', 'Denies alcohol abuse', '413968004', 'SNOMED', 50, '', 1),
  (798, 105, '160580001', 'Alcohol consumption unknown', '160580001', 'SNOMED', 60, '', 1),
  (799, 105, '160592001', 'Alcohol intake above recommended sensible limits', '160592001', 'SNOMED', 70, '', 1),
  (801, 106, '228494002', 'Snuff user', '228494002', 'SNOMED', 20, '', 1),
  (802, 106, '59978006', 'Cigar smoker', '59978006', 'SNOMED', 30, '', 1),
  (803, 106, '43381005', 'Passive smoker', '43381005', 'SNOMED', 40, '', 1),
  (804, 106, '228524006', 'Exposed to tobacco smoke at home', '228524006', 'SNOMED', 50, '', 1),
  (805, 106, '427189007', 'Maternal tobacco use', '427189007', 'SNOMED', 60, '', 1),
  (806, 106, '394871007', 'Thinking about stopping smoking', '394871007', 'SNOMED', 70, '', 1),
  (807, 106, '65568007', 'Cigarette smoker', '65568007', 'SNOMED', 80, '', 1),
  (808, 106, '160619003', 'Rolls own cigarettes', '160619003', 'SNOMED', 90, '', 1),
  (809, 106, '266927001', 'Pipe smoker', '266927001', 'SNOMED', 100, '', 1),
  (810, 106, '81703003', 'Chews tobacco', '81703003', 'SNOMED', 110, '', 1),
  (811, 106, '428061000124105', 'Light tobacco smoker', '428061000124105', 'SNOMED', 120, '', 1),
  (814, 107, '413460004', 'Aerobic exercise five times a week (finding)', '413460004', 'SNOMED', 0, '', 1),
  (815, 107, '413461000', 'Aerobic exercise four times a week (finding)', '413461000', 'SNOMED', 0, '', 1),
  (816, 107, '160637002', 'Aerobic exercise once a week (finding)', '160637002', 'SNOMED', 0, '', 1),
  (817, 107, '160639004', 'Aerobic exercise three or more times per week (finding)', '160639004', 'SNOMED', 0, '', 1),
  (818, 107, '413462007', 'Aerobic exercise three times a week (finding)', '413462007', 'SNOMED', 0, '', 1),
  (819, 107, '160638007', 'Aerobic exercise twice a week (finding)', '160638007', 'SNOMED', 0, '', 1),
  (820, 107, '160636006', 'Aerobic exercise zero times a week (finding)', '160636006', 'SNOMED', 0, '', 1),
  (821, 107, '160641003', 'Anaerobic exercise once a week (finding)', '160641003', 'SNOMED', 0, '', 1),
  (822, 107, '160643000', 'Anaerobic exercise three or more times per week (finding)', '160643000', 'SNOMED', 0, '', 1),
  (823, 107, '160642005', 'Anaerobic exercise twice a week (finding)', '160642005', 'SNOMED', 0, '', 1),
  (824, 107, '160640002', 'Anaerobic exercise zero times a week (finding)', '160640002', 'SNOMED', 0, '', 1),
  (825, 107, '160644006', 'Attends exercise classes (finding)', '160644006', 'SNOMED', 0, '', 1),
  (826, 107, '160630000', 'Avoids even trivial exercise (finding)', '160630000', 'SNOMED', 0, '', 1),
  (827, 107, '160634009', 'Competitive athlete (finding)', '160634009', 'SNOMED', 0, '', 1),
  (828, 107, '423675002', 'Difficulty following postpartum exercise routine (finding)', '423675002', 'SNOMED', 0, '', 1),
  (829, 107, '424037008', 'Difficulty following prenatal exercise routine (finding)', '424037008', 'SNOMED', 0, '', 1),
  (830, 107, '160633003', 'Enjoys heavy exercise (finding)', '160633003', 'SNOMED', 0, '', 1),
  (831, 107, '160645007', 'Enjoys intermediate exercise (finding)', '160645007', 'SNOMED', 0, '', 1),
  (832, 107, '160631001', 'Enjoys light exercise (finding)', '160631001', 'SNOMED', 0, '', 1),
  (833, 107, '160632008', 'Enjoys moderate exercise (finding)', '160632008', 'SNOMED', 0, '', 1),
  (834, 107, '102533007', 'Excessive exercise (finding)', '102533007', 'SNOMED', 0, '', 1),
  (835, 107, '248120002', 'Excessive exercising to lose weight (finding)', '248120002', 'SNOMED', 0, '', 1),
  (836, 107, '424805008', 'Exercise above recommended level (finding)', '424805008', 'SNOMED', 0, '', 1),
  (837, 107, '413300002', 'Exercise below recommended level (finding)', '413300002', 'SNOMED', 0, '', 1),
  (838, 107, '160629005', 'Exercise physically impossible (finding)', '160629005', 'SNOMED', 0, '', 1),
  (839, 107, '228448000', 'Exercises regularly (finding)', '228448000', 'SNOMED', 0, '', 1),
  (840, 107, '160646008', 'Level 0; no moderate or vigorous activity with a duration of 20 minutes (finding)', '160646008', 'SNOMED', 0, '', 1),
  (841, 107, '160647004', 'Level 1; 1-4 occasions of a mix of moderate and vigorous activity in 4 weeks (finding)', '160647004', 'SNOMED', 0, '', 1),
  (842, 107, '160648009', 'Level 2; 5-11 occasions of a mix of moderate and vigorous activity in 4 weeks (finding)', '160648009', 'SNOMED', 0, '', 1),
  (843, 107, '160649001', 'Level 3; 12 or more occasions of a moderate activity in 4 weeks (finding)', '160649001', 'SNOMED', 0, '', 1),
  (844, 107, '160650001', 'Level 4; 12 or more occasions of a mix of moderate and vigorous activity in 4 weeks (finding)', '160650001', 'SNOMED', 0, '', 1),
  (845, 107, '160651002', 'Level 5; 12 or more occasions of a vigorous activity in 4 weeks (finding)', '160651002', 'SNOMED', 0, '', 1),
  (846, 107, '228446001', 'Gets little exercise (finding)', '228446001', 'SNOMED', 0, '', 1),
  (847, 107, '228445002', 'Gets no exercise (finding)', '228445002', 'SNOMED', 0, '', 1),
  (848, 107, '40979000', 'Lack of exercise (finding)', '40979000', 'SNOMED', 0, '', 1),
  (850, 107, '129861002', 'Physical activity finding (finding)', '129861002', 'SNOMED', 0, '', 1),
  (851, 107, '408580007', 'Physical activity target light exercise (finding)', '408580007', 'SNOMED', 0, '', 1),
  (852, 107, '408578001', 'Physical activity target minimal exercise (finding)', '408578001', 'SNOMED', 0, '', 1),
  (853, 107, '408581006', 'Physical activity target moderate exercise (finding)', '408581006', 'SNOMED', 0, '', 1),
  (854, 107, '408579009', 'Physical activity target strenuous exercise (finding)', '408579009', 'SNOMED', 0, '', 1),
  (855, 107, '228447005', 'Physically active (finding)', '228447005', 'SNOMED', 0, '', 1),
  (856, 107, '415510005', 'Sedentary lifestyle (finding)', '415510005', 'SNOMED', 0, '', 1),
  (857, 107, '14468000', 'Sports activity (observable entity)', '14468000', 'SNOMED', 0, '', 1),
  (858, 107, '160652009', 'Takes inadequate exercise (finding)', '160652009', 'SNOMED', 0, '', 1),
  (940, 108, '191819002', 'Continuous opioid dependence (disorder)', '191819002', 'SNOMED', 0, '', 1),
  (941, 108, '191820008', 'Episodic opioid dependence (disorder)', '191820008', 'SNOMED', 0, '', 1),
  (942, 108, '191821007', 'Opioid dependence in remission (disorder)', '191821007', 'SNOMED', 0, '', 1),
  (943, 108, '191825003', 'Hypnotic or anxiolytic dependence, continuous (disorder)', '191825003', 'SNOMED', 0, '', 1),
  (944, 108, '191826002', 'Hypnotic or anxiolytic dependence, episodic (disorder)', '191826002', 'SNOMED', 0, '', 1),
  (945, 108, '191827006', 'Hypnotic or anxiolytic dependence in remission (disorder)', '191827006', 'SNOMED', 0, '', 1),
  (946, 108, '191831000', 'Cocaine dependence, continuous (disorder)', '191831000', 'SNOMED', 0, '', 1),
  (947, 108, '191832007', 'Cocaine dependence, episodic (disorder)', '191832007', 'SNOMED', 0, '', 1),
  (948, 108, '191833002', 'Cocaine dependence in remission (disorder)', '191833002', 'SNOMED', 0, '', 1),
  (949, 108, '191843004', 'Amphetamine or psychostimulant dependence, continuous (disorder)', '191843004', 'SNOMED', 0, '', 1),
  (950, 108, '191844005', 'Amphetamine or psychostimulant dependence, episodic (disorder)', '191844005', 'SNOMED', 0, '', 1),
  (951, 108, '191845006', 'Amphetamine or psychostimulant dependence in remission (disorder)', '191845006', 'SNOMED', 0, '', 1),
  (952, 108, '191905001', 'Nondependent hypnotic or anxiolytic abuse, continuous (disorder)', '191905001', 'SNOMED', 0, '', 1),
  (953, 108, '191906000', 'Nondependent hypnotic or anxiolytic abuse, episodic (disorder)', '191906000', 'SNOMED', 0, '', 1),
  (954, 108, '191907009', 'Nondependent hypnotic or anxiolytic abuse in remission (disorder)', '191907009', 'SNOMED', 0, '', 1),
  (955, 108, '191909007', 'Nondependent opioid abuse (disorder)', '191909007', 'SNOMED', 0, '', 1),
  (956, 108, '191912005', 'Nondependent opioid abuse, continuous (disorder)', '191912005', 'SNOMED', 0, '', 1),
  (957, 108, '191913000', 'Nondependent opioid abuse, episodic (disorder)', '191913000', 'SNOMED', 0, '', 1),
  (958, 108, '191914006', 'Nondependent opioid abuse in remission (disorder)', '191914006', 'SNOMED', 0, '', 1),
  (959, 108, '191916008', 'Nondependent cocaine abuse (disorder)', '191916008', 'SNOMED', 0, '', 1),
  (960, 108, '191918009', 'Nondependent cocaine abuse, continuous (disorder)', '191918009', 'SNOMED', 0, '', 1),
  (961, 108, '191919001', 'Nondependent cocaine abuse, episodic (disorder)', '191919001', 'SNOMED', 0, '', 1),
  (962, 108, '191920007', 'Nondependent cocaine abuse in remission (disorder)', '191920007', 'SNOMED', 0, '', 1),
  (963, 108, '191924003', 'Nondependent amphetamine or psychostimulant abuse, continuous (disorder)', '191924003', 'SNOMED', 0, '', 1),
  (964, 108, '191925002', 'Nondependent amphetamine or psychostimulant abuse, episodic (disorder)', '191925002', 'SNOMED', 0, '', 1),
  (965, 108, '21647008', 'Amphetamine dependence (disorder)', '21647008', 'SNOMED', 0, '', 1),
  (966, 108, '231461004', 'Hypnotic or anxiolytic abuse (disorder)', '231461004', 'SNOMED', 0, '', 1),
  (967, 108, '231462006', 'Barbiturate abuse (disorder)', '231462006', 'SNOMED', 0, '', 1),
  (968, 108, '231470001', 'Anxiolytic dependence (disorder)', '231470001', 'SNOMED', 0, '', 1),
  (969, 108, '231472009', 'Barbiturate dependence (disorder)', '231472009', 'SNOMED', 0, '', 1),
  (970, 108, '231473004', 'Benzodiazepine dependence (disorder)', '231473004', 'SNOMED', 0, '', 1),
  (971, 108, '231474005', 'Diazepam dependence (disorder)', '231474005', 'SNOMED', 0, '', 1),
  (972, 108, '231475006', 'Librium dependence (disorder)', '231475006', 'SNOMED', 0, '', 1),
  (973, 108, '231477003', 'Heroin dependence (disorder)', '231477003', 'SNOMED', 0, '', 1),
  (974, 108, '231478008', 'Methadone dependence (disorder)', '231478008', 'SNOMED', 0, '', 1),
  (975, 108, '231479000', 'Morphine dependence (disorder)', '231479000', 'SNOMED', 0, '', 1),
  (976, 108, '231480002', 'Opium dependence (disorder)', '231480002', 'SNOMED', 0, '', 1),
  (977, 108, '268640002', 'Hypnotic or anxiolytic dependence (disorder)', '268640002', 'SNOMED', 0, '', 1),
  (978, 108, '268647004', 'Nondependent hypnotic or anxiolytic abuse (disorder)', '268647004', 'SNOMED', 0, '', 1),
  (979, 108, '268648009', 'Nondependent amphetamine or other psychostimulant abuse (disorder)', '268648009', 'SNOMED', 0, '', 1),
  (980, 108, '31956009', 'Cocaine dependence (disorder)', '31956009', 'SNOMED', 0, '', 1),
  (981, 108, '426001001', 'Fentanyl dependence (disorder)', '426001001', 'SNOMED', 0, '', 1),
  (982, 108, '426873000', 'Methamphetamine dependence (disorder)', '426873000', 'SNOMED', 0, '', 1),
  (983, 108, '427205009', 'Amphetamine abuse, continuous (disorder)', '427205009', 'SNOMED', 0, '', 1),
  (984, 108, '427327003', 'Sedative dependence (disorder)', '427327003', 'SNOMED', 0, '', 1),
  (985, 108, '429692000', 'Amphetamine abuse, episodic (disorder)', '429692000', 'SNOMED', 0, '', 1),
  (986, 108, '5602001', 'Opioid abuse (disorder)', '5602001', 'SNOMED', 0, '', 1),
  (987, 108, '64386003', 'Sedative abuse (disorder)', '64386003', 'SNOMED', 0, '', 1),
  (988, 108, '75544000', 'Opioid dependence (disorder)', '75544000', 'SNOMED', 0, '', 1),
  (989, 108, '78267003', 'Cocaine abuse (disorder)', '78267003', 'SNOMED', 0, '', 1),
  (990, 108, '84758004', 'Amphetamine abuse (disorder)', '84758004', 'SNOMED', 0, '', 1),
  (991, 109, '160427003', 'Mother', '160427003', 'SNOMED', 0, '', 1),
  (992, 109, '160433007', 'Father', '160433007', 'SNOMED', 0, '', 1),
  (993, 109, '160454000', 'Daughter', '160454000', 'SNOMED', 0, '', 1),
  (994, 109, '160449009', 'Son', '160449009', 'SNOMED', 0, '', 1),
  (995, 109, '160439006', 'Sister', '160439006', 'SNOMED', 0, '', 1),
  (996, 109, '160464009', 'Aunt', '160464009', 'SNOMED', 0, '', 1),
  (997, 109, '160465005', 'Uncle', '160465005', 'SNOMED', 0, '', 1),
  (998, 109, '160461001', 'Paternal Grandfather', '160461001', 'SNOMED', 0, '', 1),
  (999, 109, '160463003', 'Paternal Grandmother', '160463003', 'SNOMED', 0, '', 1),
  (1000, 109, '160460000', 'Maternal Grandfather', '160460000', 'SNOMED', 0, '', 1),
  (1001, 109, '160462008', 'Maternal Grandmother', '160462008', 'SNOMED', 0, '', 1),
  (1002, 109, '160444004', 'Brother', '160444004', 'SNOMED', 0, '', 1),
  (1003, 3, 'ESP', 'Espaa', '', '', 0, '', 1),
  (1004, 20, 'CAT', 'Catalua', '', '', 0, '', 1),
  (1005, 110, 'weight_kg', 'Weight (kilograms)', '3141-9', 'LOINC', 20, '', 1),
  (1006, 110, 'height_in', 'Height (inches)', '8302-2', 'LOINC', 30, '', 1),
  (1007, 110, 'bp_systolic', 'BP Systolic', '8480-6', 'LOINC', 50, '', 1),
  (1008, 110, 'bp_diastolic', 'BP Diastolic', '8462-4', 'LOINC', 60, '', 1),
  (1009, 110, 'pulse', 'Pulse (Heart Rate)', '8867-4', 'LOINC', 70, '', 1),
  (1010, 110, 'respiration', 'Respiratory Rate', '9279-1', 'LOINC', 80, '', 1),
  (1011, 110, 'temp_c', 'Temperature (celsius)', '8310-5', 'LOINC', 100, '', 1),
  (1012, 110, 'oxygen_saturation', 'Oxygen Saturation', '2710-2', 'LOINC', 110, '', 1),
  (1013, 110, 'head_circumference_cm', 'Head Circumference (centimeters)', '8287-5', 'LOINC', 130, '', 1),
  (1014, 110, 'bmi', 'BMI', '59575-1', 'LOINC', 140, '', 1),
  (1015, 110, 'weight_lbs', 'Weight (punds)', '3141-9', 'LOINC', 10, '', 1),
  (1016, 110, 'height_cm', 'Height (centimeters)', '8302-2', 'LOINC', 40, '', 1),
  (1017, 110, 'temp_f', 'Temperature (fahrenheit)', '8310-5', 'LOINC', 90, '', 1),
  (1018, 110, 'head_circumference_in', 'Head Circumference (inches)', '8287-5', 'LOINC', 120, '', 1),
  (1019, 111, '==', 'Equal to (=)', '', '', 10, '', 1),
  (1020, 111, '!=', 'Not equal to (!=)', '', '', 20, '', 1),
  (1021, 111, '>', 'Greater than (>)', '', '', 40, '', 1),
  (1022, 111, '<', 'Less than (<)', '', '', 30, '', 1),
  (1023, 111, '>=', 'Greater than or equal to (>=)', '', '', 60, '', 1),
  (1024, 111, '<=', 'Less than or equal to', '', '', 50, '', 1),
  (1025, 112, 'Active', 'Active', '55561003', 'SNOMED', 10, '', 1),
  (1026, 112, 'Inactive', 'Inactive', '73425007', 'SNOMED', 20, '', 1),
  (1027, 112, 'Resolved', 'Resolved', '413322009', 'SNOMED', 30, '', 1),
  (1028, 85, 'Drug intolerance', 'Drug intolerance', '59037007', 'SNOMEDCT', 40, '', 1),
  (1029, 85, 'Food intolerance', 'Food intolerance', '235719002', 'SNOMEDCT', 50, '', 1),
  (1030, 85, 'Propensity to adverse reactions to food', 'Propensity to adverse reactions to food', '418471000', 'SNOMEDCT', 80, '', 1),
  (1031, 85, 'Propensity to adverse reactions to drug', 'Propensity to adverse reactions to drug', '419511003', 'SNOMEDCT', 70, '', 1),
  (1032, 85, 'Propensity to adverse reactions to substance', 'Propensity to adverse reactions to substance', '418038007', 'SNOMEDCT', 60, '', 1),
  (1033, 113, 'Active', 'Active', '55561003', 'SNOMEDCT', 10, '', 1),
  (1034, 113, 'Inactive', 'Inactive', '73425007', 'SNOMEDCT', 20, '', 1),
  (1035, 113, 'Resolved', 'Resolved', '413322009', 'SNOMEDCT', 30, '', 1),
  (1036, 84, 'Severe', 'Severe', '24484000', 'SNOMEDCT', 50, '', 1),
  (1037, 84, 'Fatal', 'Fatal', '399166001', 'SNOMEDCT', 60, '', 1),
  (1038, 83, 'Difficulty swallowing fluid', 'Difficulty swallowing fluid', '162025006', 'SNOMEDCT', 50, '', 1),
  (1039, 83, 'Difficulty swallowing solid', 'Difficulty swallowing solid', '162024005', 'SNOMEDCT', 0, '', 1),
  (1040, 114, 'Dairy', 'Dairy', '425525006', 'SNOMEDCT', 0, '', 1),
  (1041, 114, 'Egg', 'Egg', '91930004', 'SNOMEDCT', 0, '', 1),
  (1042, 114, 'Peanut', 'Peanut', '91935009', 'SNOMEDCT', 0, '', 1),
  (1043, 114, 'Other Nuts', 'Other Nuts', '91934008', 'SNOMEDCT', 0, '', 1),
  (1044, 114, 'Seafood', 'Seafood', '91937001', 'SNOMEDCT', 0, '', 1),
  (1045, 114, 'Shellfish', 'Shellfish', '300913006', 'SNOMEDCT', 0, '', 1),
  (1047, 114, 'Wheat', 'Wheat', '420174000', 'SNOMEDCT', 0, '', 1),
  (1048, 114, 'Melons, bananas, cucumbers (ragweed pollen)', 'Melons, bananas, cucumbers (ragweed pollen)', '418561004', 'SNOMEDCT', 0, '', 1),
  (1050, 115, 'Dust', 'Dust', '390952000', 'SNOMEDCT', 10, '', 1),
  (1051, 115, 'Pollen', 'Pollen', '300910009', 'SNOMEDCT', 20, '', 1),
  (1052, 115, 'Dust Mites', 'Dust Mites', '232350006', 'SNOMEDCT', 30, '', 1),
  (1053, 115, 'Animal Dander', 'Animal Dander', '232347008', 'SNOMEDCT', 40, '', 1),
  (1054, 115, 'Insect Stings', 'Insect Stings', '276433004', 'SNOMEDCT', 50, '', 1),
  (1055, 115, 'Latex', 'Latex', '300916003', 'SNOMEDCT', 60, '', 1),
  (1056, 115, 'Nickel', 'Nickel', '419788000', 'SNOMEDCT', 80, '', 1),
  (1057, 115, 'Mold', 'Mold', '419474003', 'SNOMEDCT', 90, '', 1),
  (1058, 115, 'Aluminum', 'Aluminum', '402306009', 'SNOMEDCT', 70, '', 1),
  (1059, 114, 'Oyster', 'Oyster', '419967000', 'SNOMEDCT', 0, '', 1),
  (1060, 116, 'Event', 'Event', 'EVN', 'moodCode', 10, '', 1),
  (1061, 116, 'Intent', 'Intent', 'INT', 'moodCode', 20, '', 1),
  (1062, 116, 'Promise', 'Promise', 'PRMS', 'moodCode', 30, '', 1),
  (1063, 116, 'Proposal', 'Proposal', 'PRP', 'moodCode', 40, '', 1),
  (1064, 116, 'Request', 'Request', 'RQO', 'moodCode', 50, '', 1),
  (1065, 117, 'Ambulatory Status', 'Ambulatory Status', '282097004', 'SNOMED-CT', 30, '', 1),
  (1066, 117, 'Mental Status', 'Mental Status', '363871006', 'SNOMED-CT', 50, '', 1),
  (1067, 117, 'Activities of Daily Living', 'Activities of Daily Living', '129025006', 'SNOMED-CT', 10, '', 1),
  (1068, 117, 'Home/Living Situation', 'Home/Living Situation', '4683004', 'SNOMED-CT', 40, '', 1),
  (1069, 117, 'Ability to Care for Self', 'Ability to Care for Self', '284773001', 'SNOMED-CT', 20, '', 1),
  (1070, 118, 'Active', 'Active', '55561003', 'SNOMED-CT', 10, '', 1),
  (1071, 118, 'Chronic', 'Chronic', '90734009', 'SNOMED-CT', 20, '', 1),
  (1072, 118, 'Temporary', 'Temporary', '14803004', 'SNOMED-CT', 30, '', 1),
  (1073, 118, 'Resolved', 'Resolved', '370996005', 'SNOMED-CT', 40, '', 1),
  (1074, 119, 'BE', 'Bilateral ears', 'BE', 'ActSite', 0, '', 1),
  (1075, 119, 'BN', 'Bilateral nares', 'BN', 'ActSite', 0, '', 1),
  (1076, 119, 'BU', 'Buttock', 'BU', 'ActSite', 0, '', 1),
  (1077, 119, 'LA', 'Left arm', 'LA', 'ActSite', 0, '', 1),
  (1078, 119, 'LAC', 'Left anterior chest', 'LAC', 'ActSite', 0, '', 1),
  (1079, 119, 'LACF', 'Left antecubital fossa', 'LACF', 'ActSite', 0, '', 1),
  (1080, 119, 'LD', 'Left deltoid', 'LD', 'ActSite', 0, '', 1),
  (1081, 119, 'LE', 'Left ear', 'LE', 'ActSite', 0, '', 1),
  (1082, 119, 'LEJ', 'Left external jugular', 'LEJ', 'ActSite', 0, '', 1),
  (1083, 119, 'LF', 'Left foot', 'LF', 'ActSite', 0, '', 1),
  (1084, 119, 'LG', 'Left gluteus medius', 'LG', 'ActSite', 0, '', 1),
  (1085, 119, 'LH', 'Left hand', 'LH', 'ActSite', 0, '', 1),
  (1086, 119, 'LIJ', 'Left internal jugular', 'LIJ', 'ActSite', 0, '', 1),
  (1087, 119, 'LLAQ', 'Left lower abd quadrant', 'LLAQ', 'ActSite', 0, '', 1),
  (1088, 119, 'LLFA', 'Left lower forearm', 'LLFA', 'ActSite', 0, '', 1),
  (1089, 119, 'LMFA', 'Left mid forearm', 'LMFA', 'ActSite', 0, '', 1),
  (1090, 119, 'LN', 'Left naris', 'LN', 'ActSite', 0, '', 1),
  (1091, 119, 'LPC', 'Left posterior chest', 'LPC', 'ActSite', 0, '', 1),
  (1092, 119, 'LSC', 'Left subclavian', 'LSC', 'ActSite', 0, '', 1),
  (1093, 119, 'LT', 'Left thigh', 'LT', 'ActSite', 0, '', 1),
  (1094, 119, 'LUA', 'Left upper arm', 'LUA', 'ActSite', 0, '', 1),
  (1095, 119, 'LUAQ', 'Left upper abd quadrant', 'LUAQ', 'ActSite', 0, '', 1),
  (1096, 119, 'LUFA', 'Left upper forearm', 'LUFA', 'ActSite', 0, '', 1),
  (1097, 119, 'LVG', 'Left ventragluteal', 'LVG', 'ActSite', 0, '', 1),
  (1098, 119, 'LVL', 'Left vastus lateralis', 'LVL', 'ActSite', 0, '', 1),
  (1099, 119, 'OD', 'Right eye', 'OD', 'ActSite', 0, '', 1),
  (1100, 119, 'OS', 'Left eye', 'OS', 'ActSite', 0, '', 1),
  (1101, 119, 'OU', 'Bilateral eyes', 'OU', 'ActSite', 0, '', 1),
  (1102, 119, 'PA', 'Perianal', 'PA', 'ActSite', 0, '', 1),
  (1103, 119, 'PERIN', 'Rerineal', 'PERIN', 'ActSite', 0, '', 1),
  (1104, 119, 'RA', 'Right arm', 'RA', 'ActSite', 0, '', 1),
  (1105, 119, 'RAC', 'Right anterior chest', 'RAC', 'ActSite', 0, '', 1),
  (1106, 119, 'RACF', 'Right antecubital fossa', 'RACF', 'ActSite', 0, '', 1),
  (1107, 119, 'RD', 'Right deltoid', 'RD', 'ActSite', 0, '', 1),
  (1108, 119, 'RE', 'Right ear', 'RE', 'ActSite', 0, '', 1),
  (1109, 119, 'REJ', 'Right external jugular', 'REJ', 'ActSite', 0, '', 1),
  (1110, 119, 'RF', 'Right foot', 'RF', 'ActSite', 0, '', 1),
  (1111, 119, 'RG', 'Right gluteus medius', 'RG', 'ActSite', 0, '', 1),
  (1112, 119, 'RH', 'Right hand', 'RH', 'ActSite', 0, '', 1),
  (1113, 119, 'RIJ', 'Right internal jugular', 'RIJ', 'ActSite', 0, '', 1),
  (1114, 119, 'RLAQ', 'Right lower abd quadrant', 'RLAQ', 'ActSite', 0, '', 1),
  (1115, 119, 'RLFA', 'Right lower forearm', 'RLFA', 'ActSite', 0, '', 1),
  (1116, 119, 'RMFA', 'Right mid forearm', 'RMFA', 'ActSite', 0, '', 1),
  (1117, 119, 'RN', 'Right naris', 'RN', 'ActSite', 0, '', 1),
  (1118, 119, 'RPC', 'Right posterior chest', 'RPC', 'ActSite', 0, '', 1),
  (1119, 119, 'RSC', 'Right subclavian', 'RSC', 'ActSite', 0, '', 1),
  (1120, 119, 'RT', 'Right thigh', 'RT', 'ActSite', 0, '', 1),
  (1121, 119, 'RUA', 'Right upper arm', 'RUA', 'ActSite', 0, '', 1),
  (1122, 119, 'RUAQ', 'Right upper abd quadrant', 'RUAQ', 'ActSite', 0, '', 1),
  (1123, 119, 'RUFA', 'Right upper forearm', 'RUFA', 'ActSite', 0, '', 1),
  (1124, 119, 'RVG', 'Right ventragluteal', 'RVG', 'ActSite', 0, '', 1),
  (1125, 119, 'RVL', 'Right vastus lateralis', 'RVL', 'ActSite', 0, '', 1),
  (1126, 6, 'IM', 'Intramuscular', 'IM', '', 0, '', 1),
  (1127, 6, 'IN', 'Intranasal', 'IN', '', 0, '', 1),
  (1128, 6, 'IO', 'Intraocular', 'IO', '', 0, '', 1),
  (1129, 6, 'IP', 'Intraperitoneal', 'IP', '', 0, '', 1),
  (1130, 6, 'IS', 'Intrasynovial', 'IS', '', 0, '', 1),
  (1131, 6, 'IT', 'Intrathecal', 'IT', '', 0, '', 1),
  (1132, 6, 'IU', 'Intrauterine', 'IU', '', 0, '', 1),
  (1133, 6, 'IV', 'Intravenous', 'IV', '', 0, '', 1),
  (1134, 6, 'MTH', 'Mouth/Throat', 'MTH', '', 0, '', 1),
  (1135, 6, 'MM', 'Mucous Membrane', 'MM', '', 0, '', 1),
  (1136, 6, 'NS', 'Nasal', 'NS', '', 0, '', 1),
  (1137, 6, 'NP', 'Nasal Prongs', 'NP', '', 0, '', 1),
  (1138, 6, 'NG', 'Nasogastric', 'NG', '', 0, '', 1),
  (1139, 6, 'NT', 'Nasotrachial Tube', 'NT', '', 0, '', 1),
  (1140, 6, 'OP', 'Ophthalmic', 'OP', '', 0, '', 1),
  (1141, 6, 'PO', 'Oral', 'PO', '', 0, '', 1),
  (1142, 6, 'OTH', 'Other/Miscellaneous', 'OTH', '', 0, '', 1),
  (1143, 6, 'OT', 'Otic', 'OT', '', 0, '', 1),
  (1144, 6, 'PF', 'Perfusion', 'PF', '', 0, '', 1),
  (1145, 6, 'RM', 'Rebreather Mask', 'RM', '', 0, '', 1),
  (1146, 6, 'PR', 'Rectal', 'PR', '', 0, '', 1),
  (1147, 6, 'SD', 'Soaked Dressing', 'SD', '', 0, '', 1),
  (1148, 6, 'SC', 'Subcutaneous', 'SC', '', 0, '', 1),
  (1149, 6, 'SL', 'Sublingual', 'SL', '', 0, '', 1),
  (1150, 6, 'TP', 'Topical', 'TP', '', 0, '', 1),
  (1151, 6, 'TRA', 'Tracheostomy', 'TRA', '', 0, '', 1),
  (1152, 6, 'TD', 'Transdermal', 'TD', '', 0, '', 1),
  (1153, 6, 'TL', 'Translingual', 'TL', '', 0, '', 1),
  (1154, 6, 'UR', 'Urethral', 'UR', '', 0, '', 1),
  (1155, 6, 'VG', 'Vaginal', 'VG', '', 0, '', 1),
  (1156, 6, 'VM', 'Ventimask', 'VM', '', 0, '', 1),
  (1157, 6, 'WND', 'Wound', 'WND', '', 0, '', 1),
  (1158, 120, 'Alive and well', 'Alive and well', '81323004', 'SNOMEDCT', 0, '', 1),
  (1159, 120, 'Chronically ill', 'Chronically ill', '161901003', 'SNOMEDCT', 0, '', 1),
  (1160, 120, 'Deceased', 'Deceased', '419099009', 'SNOMEDCT', 0, '', 1),
  (1161, 120, 'Disabled', 'Disabled', '21134002', 'SNOMEDCT', 0, '', 1),
  (1162, 120, 'In remission', 'In remission', '313386006', 'SNOMEDCT', 0, '', 1),
  (1163, 120, 'Severely disabled', 'Severely disabled', '161045001', 'SNOMEDCT', 0, '', 1),
  (1164, 120, 'Severely ill', 'Severely ill', '271593001', 'SNOMEDCT', 0, '', 1),
  (1165, 120, 'Symptom free', 'Symptom free', '162467007', 'SNOMEDCT', 0, '', 1),
  (1166, 121, 'G', 'Genaralist', '', '', 0, '', 1),
  (1167, 121, 'E', 'Specialit', '', '', 0, '', 1),
  (1168, 121, 'S', 'Sub-Specialis', '', '', 0, '', 1),
  (1169, 122, 'Planned', 'Planned', 'red', 'bgcolor', 20, '', 1),
  (1170, 122, 'Completed', 'Completed', 'blue', 'bgcolor', 40, '', 1),
  (1171, 122, 'Prev. Completed', 'Prev. Completed', 'lightskyblue', 'bgcolor', 50, '', 1),
  (1172, 122, 'Defective', 'Defective', 'green', 'bgcolor', 30, '', 1),
  (1173, 122, 'Condition', 'Condition', 'orange', 'bgcolor', 10, '', 1),
  (1174, 123, 'Lidocaine 2%', 'Lidocaine 2%', '', '', 0, '', 1),
  (1175, 123, 'Articaine 4%', 'Articaine 4%', '', '', 0, '', 1),
  (1176, 123, 'Carbocaine 2%', 'Carbocaine 2%', '', '', 0, '', 1),
  (1177, 123, 'Mepivacaine 3%', 'Mepivacaine 3%', '', '', 0, '', 1),
  (1178, 124, 'Topical', 'Topical', '', '', 0, '', 1),
  (1179, 124, 'Local', 'Local', '', '', 0, '', 1),
  (1180, 124, 'Geeral', 'General', '', '', 0, '', 1),
  (1181, 125, 'Unspecified', 'Unspecified', 'C38046', 'NCIt', 0, '', 1),
  (1182, 125, 'Schedule I Substance', 'Schedule I Substance', 'C48672', 'NCIt', 0, '', 1),
  (1183, 125, 'Schedule II Substance', 'Schedule II Substance', 'C48675', 'NCIt', 0, '', 1),
  (1184, 125, 'Schedule III Substance', 'Schedule III Substance', 'C48676', 'NCIt', 0, '', 1),
  (1185, 125, 'Schedule IV Substance', 'Schedule IV Substance', 'C48677', 'NCIt', 0, '', 1),
  (1186, 125, 'Schedule V Substance', 'Schedule V Substance', 'C48679', 'NCIt', 0, '', 1),
  (1187, 91, '(E) Expanded Problem-Focused', '(E) Expanded Problem-Focused', '99213', 'CPT', 60, '', 1),
  (1188, 91, '(E) Detailed', '(E) Detailed', '99214', 'CPT', 70, '', 1),
  (1189, 91, '(E) Comprehensive', '(E) Comprehensive', '99215', 'CPT', 80, '', 1),
  (1190, 126, 'B', 'Obstetrics', 'B', 'HL7', 10, 'HL7 Table 0004', 0),
  (1191, 126, 'C', 'Commercial Account', 'C', 'HL7', 20, 'HL7 Table 0004', 0),
  (1192, 126, 'E', 'Emergency', 'E', 'HL7', 30, 'HL7 Table 0004', 0),
  (1193, 126, 'I', 'Inpatient', 'I', 'HL7', 40, 'HL7 Table 0004', 0),
  (1194, 126, 'N', 'Not Applicable', 'N', 'HL7', 50, 'HL7 Table 0004', 1),
  (1195, 126, 'O', 'Outpatient', 'O', 'HL7', 60, 'HL7 Table 0004', 1),
  (1196, 126, 'P', 'Preadmit', 'P', 'HL7', 70, 'HL7 Table 0004', 0),
  (1197, 126, 'R', 'Recurring patient', 'R', 'HL7', 80, 'HL7 Table 0004', 1),
  (1198, 126, 'U', 'Unknown', 'U', 'HL7', 90, 'HL7 Table 0004', 1),
  (1199, 127, 'Hight', 'Hight', '', '', 20, '', 0),
  (1200, 127, 'Normal', 'Normal', '', '', 30, '', 0),
  (1201, 127, 'Low', 'Low', '', '', 40, '', 0),
  (1202, 127, 'Panic', 'Panic', '', '', 10, '', 0),
  (1203, 128, 'Verified By Medical Record Only', 'Verified By Medical Record Only', '310305009', 'SNOMEDCT', 50, '', 1),
  (1204, 128, 'Verified With Family Only', 'Verified With Family Only', '425396000', 'SNOMEDCT', 40, '', 1),
  (1205, 128, 'Supported By Durable Power of Attorney for Healthcare', 'Supported By Durable Power of Attorney for Healthcare', '425393008', 'SNOMEDCT', 30, '', 1),
  (1206, 128, 'Supported By Healthcare Will', 'Supported By Healthcare Will', '425394002', 'SNOMEDCT', 20, '', 1),
  (1207, 128, 'Current and Verified', 'Current and Verified', '425392003', 'SNOMEDCT', 10, '', 1),
  (1208, 129, 'Other Directive', 'Other Directive', '71388002', 'SNOMEDCT', 80, '', 1),
  (1209, 129, 'Tube Feedings', 'Tube Feedings', '61420007', 'SNOMEDCT', 70, '', 1),
  (1210, 129, 'Life Support', 'Life Support', '78823007', 'SNOMEDCT', 60, '', 1),
  (1211, 129, 'Antibiotics', 'Antibiotics', '281789004', 'SNOMEDCT', 50, '', 1),
  (1212, 129, 'CPR', 'CPR', '89666000', 'SNOMEDCT', 40, '', 1),
  (1213, 129, 'IV Fluid and Support', 'IV Fluid and Support', '225204009', 'SNOMEDCT', 30, '', 1),
  (1214, 129, 'Intubation', 'Intubation', '52765003', 'SNOMEDCT', 20, '', 1),
  (1215, 129, 'Resuscitation', 'Resuscitation', '304251008', 'SNOMEDCT', 10, '', 1);

INSERT INTO `departments` (`id`, `title`) VALUES
  (1, 'IT');


INSERT INTO `geo_country_reference` (`countries_id`, `countries_name`, `countries_iso_code_2`, `countries_iso_code_3`)
VALUES
  (1, 'Afghanistan', 'AF', 'AFG'),
  (2, 'Albania', 'AL', 'ALB'),
  (3, 'Algeria', 'DZ', 'DZA'),
  (4, 'American Samoa', 'AS', 'ASM'),
  (5, 'Andorra', 'AD', 'AND'),
  (6, 'Angola', 'AO', 'AGO'),
  (7, 'Anguilla', 'AI', 'AIA'),
  (8, 'Antarctica', 'AQ', 'ATA'),
  (9, 'Antigua and Barbuda', 'AG', 'ATG'),
  (10, 'Argentina', 'AR', 'ARG'),
  (11, 'Armenia', 'AM', 'ARM'),
  (12, 'Aruba', 'AW', 'ABW'),
  (13, 'Australia', 'AU', 'AUS'),
  (14, 'Austria', 'AT', 'AUT'),
  (15, 'Azerbaijan', 'AZ', 'AZE'),
  (16, 'Bahamas', 'BS', 'BHS'),
  (17, 'Bahrain', 'BH', 'BHR'),
  (18, 'Bangladesh', 'BD', 'BGD'),
  (19, 'Barbados', 'BB', 'BRB'),
  (20, 'Belarus', 'BY', 'BLR'),
  (21, 'Belgium', 'BE', 'BEL'),
  (22, 'Belize', 'BZ', 'BLZ'),
  (23, 'Benin', 'BJ', 'BEN'),
  (24, 'Bermuda', 'BM', 'BMU'),
  (25, 'Bhutan', 'BT', 'BTN'),
  (26, 'Bolivia', 'BO', 'BOL'),
  (27, 'Bosnia and Herzegowina', 'BA', 'BIH'),
  (28, 'Botswana', 'BW', 'BWA'),
  (29, 'Bouvet Island', 'BV', 'BVT'),
  (30, 'Brazil', 'BR', 'BRA'),
  (31, 'British Indian Ocean Territory', 'IO', 'IOT'),
  (32, 'Brunei Darussalam', 'BN', 'BRN'),
  (33, 'Bulgaria', 'BG', 'BGR'),
  (34, 'Burkina Faso', 'BF', 'BFA'),
  (35, 'Burundi', 'BI', 'BDI'),
  (36, 'Cambodia', 'KH', 'KHM'),
  (37, 'Cameroon', 'CM', 'CMR'),
  (38, 'Canada', 'CA', 'CAN'),
  (39, 'Cape Verde', 'CV', 'CPV'),
  (40, 'Cayman Islands', 'KY', 'CYM'),
  (41, 'Central African Republic', 'CF', 'CAF'),
  (42, 'Chad', 'TD', 'TCD'),
  (43, 'Chile', 'CL', 'CHL'),
  (44, 'China', 'CN', 'CHN'),
  (45, 'Christmas Island', 'CX', 'CXR'),
  (46, 'Cocos (Keeling) Islands', 'CC', 'CCK'),
  (47, 'Colombia', 'CO', 'COL'),
  (48, 'Comoros', 'KM', 'COM'),
  (49, 'Congo', 'CG', 'COG'),
  (50, 'Cook Islands', 'CK', 'COK'),
  (51, 'Costa Rica', 'CR', 'CRI'),
  (52, 'Cote D Ivoire', 'CI', 'CIV'),
  (53, 'Croatia', 'HR', 'HRV'),
  (54, 'Cuba', 'CU', 'CUB'),
  (55, 'Cyprus', 'CY', 'CYP'),
  (56, 'Czech Republic', 'CZ', 'CZE'),
  (57, 'Denmark', 'DK', 'DNK'),
  (58, 'Djibouti', 'DJ', 'DJI'),
  (59, 'Dominica', 'DM', 'DMA'),
  (60, 'Dominican Republic', 'DO', 'DOM'),
  (61, 'East Timor', 'TP', 'TMP'),
  (62, 'Ecuador', 'EC', 'ECU'),
  (63, 'Egypt', 'EG', 'EGY'),
  (64, 'El Salvador', 'SV', 'SLV'),
  (65, 'Equatorial Guinea', 'GQ', 'GNQ'),
  (66, 'Eritrea', 'ER', 'ERI'),
  (67, 'Estonia', 'EE', 'EST'),
  (68, 'Ethiopia', 'ET', 'ETH'),
  (69, 'Falkland Islands (Malvinas)', 'FK', 'FLK'),
  (70, 'Faroe Islands', 'FO', 'FRO'),
  (71, 'Fiji', 'FJ', 'FJI'),
  (72, 'Finland', 'FI', 'FIN'),
  (73, 'France', 'FR', 'FRA'),
  (74, 'France, MEtropolitan', 'FX', 'FXX'),
  (75, 'French Guiana', 'GF', 'GUF'),
  (76, 'French Polynesia', 'PF', 'PYF'),
  (77, 'French Southern Territories', 'TF', 'ATF'),
  (78, 'Gabon', 'GA', 'GAB'),
  (79, 'Gambia', 'GM', 'GMB'),
  (80, 'Georgia', 'GE', 'GEO'),
  (81, 'Germany', 'DE', 'DEU'),
  (82, 'Ghana', 'GH', 'GHA'),
  (83, 'Gibraltar', 'GI', 'GIB'),
  (84, 'Greece', 'GR', 'GRC'),
  (85, 'Greenland', 'GL', 'GRL'),
  (86, 'Grenada', 'GD', 'GRD'),
  (87, 'Guadeloupe', 'GP', 'GLP'),
  (88, 'Guam', 'GU', 'GUM'),
  (89, 'Guatemala', 'GT', 'GTM'),
  (90, 'Guinea', 'GN', 'GIN'),
  (91, 'Guinea-bissau', 'GW', 'GNB'),
  (92, 'Guyana', 'GY', 'GUY'),
  (93, 'Haiti', 'HT', 'HTI'),
  (94, 'Heard and Mc Donald Islands', 'HM', 'HMD'),
  (95, 'Honduras', 'HN', 'HND'),
  (96, 'Hong Kong', 'HK', 'HKG'),
  (97, 'Hungary', 'HU', 'HUN'),
  (98, 'Iceland', 'IS', 'ISL'),
  (99, 'India', 'IN', 'IND'),
  (100, 'Indonesia', 'ID', 'IDN'),
  (101, 'Iran (Islamic Republic of)', 'IR', 'IRN'),
  (102, 'Iraq', 'IQ', 'IRQ'),
  (103, 'Ireland', 'IE', 'IRL'),
  (104, 'Israel', 'IL', 'ISR'),
  (105, 'Italy', 'IT', 'ITA'),
  (106, 'Jamaica', 'JM', 'JAM'),
  (107, 'Japan', 'JP', 'JPN'),
  (108, 'Jordan', 'JO', 'JOR'),
  (109, 'Kazakhstan', 'KZ', 'KAZ'),
  (110, 'Kenya', 'KE', 'KEN'),
  (111, 'Kiribati', 'KI', 'KIR'),
  (112, 'Korea, Democratic Peoples Republic of', 'KP', 'PRK'),
  (113, 'Korea, Republic of', 'KR', 'KOR'),
  (114, 'Kuwait', 'KW', 'KWT'),
  (115, 'Kyrgyzstan', 'KG', 'KGZ'),
  (116, 'Lao Peoples Democratic Republic', 'LA', 'LAO'),
  (117, 'Latvia', 'LV', 'LVA'),
  (118, 'Lebanon', 'LB', 'LBN'),
  (119, 'Lesotho', 'LS', 'LSO'),
  (120, 'Liberia', 'LR', 'LBR'),
  (121, 'Libyan Arab Jamahiriya', 'LY', 'LBY'),
  (122, 'Liechtenstein', 'LI', 'LIE'),
  (123, 'Lithuania', 'LT', 'LTU'),
  (124, 'Luxembourg', 'LU', 'LUX'),
  (125, 'Macau', 'MO', 'MAC'),
  (126, 'Macedonia, The Former Yugoslav Republic of', 'MK', 'MKD'),
  (127, 'Madagascar', 'MG', 'MDG'),
  (128, 'Malawi', 'MW', 'MWI'),
  (129, 'Malaysia', 'MY', 'MYS'),
  (130, 'Maldives', 'MV', 'MDV'),
  (131, 'Mali', 'ML', 'MLI'),
  (132, 'Malta', 'MT', 'MLT'),
  (133, 'Marshall Islands', 'MH', 'MHL'),
  (134, 'Martinique', 'MQ', 'MTQ'),
  (135, 'Mauritania', 'MR', 'MRT'),
  (136, 'Mauritius', 'MU', 'MUS'),
  (137, 'Mayotte', 'YT', 'MYT'),
  (138, 'Mexico', 'MX', 'MEX'),
  (139, 'Micronesia, Federated States of', 'FM', 'FSM'),
  (140, 'Moldova, Republic of', 'MD', 'MDA'),
  (141, 'Monaco', 'MC', 'MCO'),
  (142, 'Mongolia', 'MN', 'MNG'),
  (143, 'Montserrat', 'MS', 'MSR'),
  (144, 'Morocco', 'MA', 'MAR'),
  (145, 'Mozambique', 'MZ', 'MOZ'),
  (146, 'Myanmar', 'MM', 'MMR'),
  (147, 'Namibia', 'NA', 'NAM'),
  (148, 'Nauru', 'NR', 'NRU'),
  (149, 'Nepal', 'NP', 'NPL'),
  (150, 'Netherlands', 'NL', 'NLD'),
  (151, 'Netherlands Antilles', 'AN', 'ANT'),
  (152, 'New Caledonia', 'NC', 'NCL'),
  (153, 'New Zealand', 'NZ', 'NZL'),
  (154, 'Nicaragua', 'NI', 'NIC'),
  (155, 'Niger', 'NE', 'NER'),
  (156, 'Nigeria', 'NG', 'NGA'),
  (157, 'Niue', 'NU', 'NIU'),
  (158, 'Norfolk Island', 'NF', 'NFK'),
  (159, 'Northern Mariana Islands', 'MP', 'MNP'),
  (160, 'Norway', 'NO', 'NOR'),
  (161, 'Oman', 'OM', 'OMN'),
  (162, 'Pakistan', 'PK', 'PAK'),
  (163, 'Palau', 'PW', 'PLW'),
  (164, 'Panama', 'PA', 'PAN'),
  (165, 'Papua New Guinea', 'PG', 'PNG'),
  (166, 'Paraguay', 'PY', 'PRY'),
  (167, 'Peru', 'PE', 'PER'),
  (168, 'Philippines', 'PH', 'PHL'),
  (169, 'Pitcairn', 'PN', 'PCN'),
  (170, 'Poland', 'PL', 'POL'),
  (171, 'Portugal', 'PT', 'PRT'),
  (172, 'Puerto Rico', 'PR', 'PRI'),
  (173, 'Qatar', 'QA', 'QAT'),
  (174, 'Reunion', 'RE', 'REU'),
  (175, 'Romania', 'RO', 'ROM'),
  (176, 'Russian Federation', 'RU', 'RUS'),
  (177, 'Rwanda', 'RW', 'RWA'),
  (178, 'Saint Kitts and Nevis', 'KN', 'KNA'),
  (179, 'Saint Lucia', 'LC', 'LCA'),
  (180, 'Saint Vincent and the Grenadines', 'VC', 'VCT'),
  (181, 'Samoa', 'WS', 'WSM'),
  (182, 'San Marino', 'SM', 'SMR'),
  (183, 'Sao Tome and Principe', 'ST', 'STP'),
  (184, 'Saudi Arabia', 'SA', 'SAU'),
  (185, 'Senegal', 'SN', 'SEN'),
  (186, 'Seychelles', 'SC', 'SYC'),
  (187, 'Sierra Leone', 'SL', 'SLE'),
  (188, 'Singapore', 'SG', 'SGP'),
  (189, 'Slovakia (Slovak Republic)', 'SK', 'SVK'),
  (190, 'Slovenia', 'SI', 'SVN'),
  (191, 'Solomon Islands', 'SB', 'SLB'),
  (192, 'Somalia', 'SO', 'SOM'),
  (193, 'south Africa', 'ZA', 'ZAF'),
  (194, 'South Georgia and the South Sandwich Islands', 'GS', 'SGS'),
  (195, 'Spain', 'ES', 'ESP'),
  (196, 'Sri Lanka', 'LK', 'LKA'),
  (197, 'St. Helena', 'SH', 'SHN'),
  (198, 'St. Pierre and Miquelon', 'PM', 'SPM'),
  (199, 'Sudan', 'SD', 'SDN'),
  (200, 'Suriname', 'SR', 'SUR'),
  (201, 'Svalbard and Jan Mayen Islands', 'SJ', 'SJM'),
  (202, 'Swaziland', 'SZ', 'SWZ'),
  (203, 'Sweden', 'SE', 'SWE'),
  (204, 'Switzerland', 'CH', 'CHE'),
  (205, 'Syrian Arab Republic', 'SY', 'SYR'),
  (206, 'Taiwan, Province of China', 'TW', 'TWN'),
  (207, 'Tajikistan', 'TJ', 'TJK'),
  (208, 'Tanzania, United Republic of', 'TZ', 'TZA'),
  (209, 'Thailand', 'TH', 'THA'),
  (210, 'Togo', 'TG', 'TGO'),
  (211, 'Tokelau', 'TK', 'TKL'),
  (212, 'Tonga', 'TO', 'TON'),
  (213, 'Trinidad and Tobago', 'TT', 'TTO'),
  (214, 'Tunisia', 'TN', 'TUN'),
  (215, 'Turkey', 'TR', 'TUR'),
  (216, 'Turkmenistan', 'TM', 'TKM'),
  (217, 'Turks and Caicos Islands', 'TC', 'TCA'),
  (218, 'Tuvalu', 'TV', 'TUV'),
  (219, 'Uganda', 'UG', 'UGA'),
  (220, 'Ukraine', 'UA', 'UKR'),
  (221, 'United Arab Emirates', 'AE', 'ARE'),
  (222, 'United Kingdom', 'GB', 'GBR'),
  (223, 'United States', 'US', 'USA'),
  (224, 'United States Minor Outlying Islands', 'UM', 'UMI'),
  (225, 'Uruguay', 'UY', 'URY'),
  (226, 'Uzbekistan', 'UZ', 'UZB'),
  (227, 'Vanuatu', 'VU', 'VUT'),
  (228, 'Vatican City State (Holy See)', 'VA', 'VAT'),
  (229, 'Venezuela', 'VE', 'VEN'),
  (230, 'Viet Nam', 'VN', 'VNM'),
  (231, 'Virgin Islands (British)', 'VG', 'VGB'),
  (232, 'Virgin Islands (U.S.)', 'VI', 'VIR'),
  (233, 'Wallis and Futuna Islands', 'WF', 'WLF'),
  (234, 'Western Sahara', 'EH', 'ESH'),
  (235, 'Yemen', 'YE', 'YEM'),
  (236, 'Yugoslavia', 'YU', 'YUG'),
  (237, 'Zaire', 'ZR', 'ZAR'),
  (238, 'Zambia', 'ZM', 'ZMB'),
  (239, 'Zimbabwe', 'ZW', 'ZWE');

INSERT INTO `geo_zone_reference` (`zone_id`, `zone_country_id`, `zone_code`, `zone_name`) VALUES
  (1, 223, 'AL', 'Alabama'),
  (2, 223, 'AK', 'Alaska'),
  (3, 223, 'AS', 'American Samoa'),
  (4, 223, 'AZ', 'Arizona'),
  (5, 223, 'AR', 'Arkansas'),
  (6, 223, 'AF', 'Armed Forces Africa'),
  (7, 223, 'AA', 'Armed Forces Americas'),
  (8, 223, 'AC', 'Armed Forces Canada'),
  (9, 223, 'AE', 'Armed Forces Europe'),
  (10, 223, 'AM', 'Armed Forces Middle East'),
  (11, 223, 'AP', 'Armed Forces Pacific'),
  (12, 223, 'CA', 'California'),
  (13, 223, 'CO', 'Colorado'),
  (14, 223, 'CT', 'Connecticut'),
  (15, 223, 'DE', 'Delaware'),
  (16, 223, 'DC', 'District of Columbia'),
  (17, 223, 'FM', 'Federated States Of Micronesia'),
  (18, 223, 'FL', 'Florida'),
  (19, 223, 'GA', 'Georgia'),
  (20, 223, 'GU', 'Guam'),
  (21, 223, 'HI', 'Hawaii'),
  (22, 223, 'ID', 'Idaho'),
  (23, 223, 'IL', 'Illinois'),
  (24, 223, 'IN', 'Indiana'),
  (25, 223, 'IA', 'Iowa'),
  (26, 223, 'KS', 'Kansas'),
  (27, 223, 'KY', 'Kentucky'),
  (28, 223, 'LA', 'Louisiana'),
  (29, 223, 'ME', 'Maine'),
  (30, 223, 'MH', 'Marshall Islands'),
  (31, 223, 'MD', 'Maryland'),
  (32, 223, 'MA', 'Massachusetts'),
  (33, 223, 'MI', 'Michigan'),
  (34, 223, 'MN', 'Minnesota'),
  (35, 223, 'MS', 'Mississippi'),
  (36, 223, 'MO', 'Missouri'),
  (37, 223, 'MT', 'Montana'),
  (38, 223, 'NE', 'Nebraska'),
  (39, 223, 'NV', 'Nevada'),
  (40, 223, 'NH', 'New Hampshire'),
  (41, 223, 'NJ', 'New Jersey'),
  (42, 223, 'NM', 'New Mexico'),
  (43, 223, 'NY', 'New York'),
  (44, 223, 'NC', 'North Carolina'),
  (45, 223, 'ND', 'North Dakota'),
  (46, 223, 'MP', 'Northern Mariana Islands'),
  (47, 223, 'OH', 'Ohio'),
  (48, 223, 'OK', 'Oklahoma'),
  (49, 223, 'OR', 'Oregon'),
  (50, 223, 'PW', 'Palau'),
  (51, 223, 'PA', 'Pennsylvania'),
  (52, 223, 'PR', 'Puerto Rico'),
  (53, 223, 'RI', 'Rhode Island'),
  (54, 223, 'SC', 'South Carolina'),
  (55, 223, 'SD', 'South Dakota'),
  (56, 223, 'TN', 'Tenessee'),
  (57, 223, 'TX', 'Texas'),
  (58, 223, 'UT', 'Utah'),
  (59, 223, 'VT', 'Vermont'),
  (60, 223, 'VI', 'Virgin Islands'),
  (61, 223, 'VA', 'Virginia'),
  (62, 223, 'WA', 'Washington'),
  (63, 223, 'WV', 'West Virginia'),
  (64, 223, 'WI', 'Wisconsin'),
  (65, 223, 'WY', 'Wyoming'),
  (66, 38, 'AB', 'Alberta'),
  (67, 38, 'BC', 'British Columbia'),
  (68, 38, 'MB', 'Manitoba'),
  (69, 38, 'NF', 'Newfoundland'),
  (70, 38, 'NB', 'New Brunswick'),
  (71, 38, 'NS', 'Nova Scotia'),
  (72, 38, 'NT', 'Northwest Territories'),
  (73, 38, 'NU', 'Nunavut'),
  (74, 38, 'ON', 'Ontario'),
  (75, 38, 'PE', 'Prince Edward Island'),
  (76, 38, 'QC', 'Quebec'),
  (77, 38, 'SK', 'Saskatchewan'),
  (78, 38, 'YT', 'Yukon Territory'),
  (79, 61, 'QLD', 'Queensland'),
  (80, 61, 'SA', 'South Australia'),
  (81, 61, 'ACT', 'Australian Capital Territory'),
  (82, 61, 'VIC', 'Victoria'),
  (83, 62, 'PR', 'Puerto Rico');

INSERT INTO `globals` (`id`, `gl_name`, `gl_index`, `gl_value`, `gl_category`) VALUES
  (14, 'autosave', 0, '1', 'General'),
  (23, 'country_data_type', 0, '26', 'Locale'),
  (24, 'country_list', 0, 'country', 'Locale'),
  (25, 'css_header', 0, 'ext-all-gray.css', 'General'),
  (26, 'currency_decimals', 0, '2', 'Locale'),
  (27, 'currency_dec_point', 0, '.', 'Locale'),
  (28, 'currency_thousands_sep', 0, ',', 'Locale'),
  (29, 'date_display_format', 0, 'Y-m-d', 'Locale'),
  (42, 'EMAIL_METHOD', 0, 'SMTP', 'Email'),
  (43, 'EMAIL_NOTIFICATION_HOUR', 0, '50', 'Email'),
  (50, 'fullname', 0, '1', 'Locale'),
  (52, 'gbl_currency_symbol', 0, '$', 'Locale'),
  (56, 'gbl_nav_area_width', 0, '200', 'General'),
  (63, 'is_client_ssl_enabled', 0, '0', 'Security'),
  (64, 'language_default', 0, 'en_US', 'Locale'),
  (66, 'main_navigation_menu_left', 0, 'west', 'General'),
  (72, 'password_expiration_days', 0, '0', 'General'),
  (79, 'phone_country_code', 0, '1', 'Locale'),
  (93, 'SMS_GATEWAY_APIKEY', 0, '', 'Email'),
  (94, 'SMS_GATEWAY_PASSWORD', 0, '', 'Email'),
  (95, 'SMS_GATEWAY_USENAME', 0, '', 'Email'),
  (96, 'SMS_NOTIFICATION_HOUR', 0, '50', 'Email'),
  (97, 'SMTP_HOST', 0, 'localhost', 'Email'),
  (98, 'SMTP_PASS', 0, '', 'Email'),
  (99, 'SMTP_PORT', 0, '25', 'Email'),
  (100, 'SMTP_USER', 0, '', 'Email'),
  (107, 'timeout', 0, '15', 'General'),
  (108, 'time_display_format', 0, 'g:i a', 'Locale'),
  (120, 'enable_dual_monitor', 0, '0', 'General'),
  (123, 'units_of_measurement', 0, 'standard', 'General'),
  (128, 'phone_validation_format', 0, '^\\d{3}-\\d{3}-\\d{4}$', 'Locale'),
  (129, 'zipcode_validation_format', 0, '^\\d{5}(?:[-\\s]\\d{4})?$', 'Locale'),
  (132, 'display_pubpid', 0, '1', 'General');


INSERT INTO `version` (`id`, `v_major`, `v_minor`, `v_patch`, `v_tag`, `v_database`) VALUES
  (1, 1, 0, 0, 'Vega', 1);

/*!40101 SET CHARACTER_SET_CLIENT = @OLD_CHARACTER_SET_CLIENT */;
/*!40101 SET CHARACTER_SET_RESULTS = @OLD_CHARACTER_SET_RESULTS */;
/*!40101 SET COLLATION_CONNECTION = @OLD_COLLATION_CONNECTION */;